0,Material,,,,,,RUNS,A101,A102,A103,A104,A105,A106,A107,A108,A109,A110,A111,A112,A113,A114,A115,A116,A117,A118,A201,A202,A203,A204,A205,A206,A207,A208,A209,A210,A211,A212,A213,A214,A215,A216,A217,A218,A219,A220,A301,A302,A303,A304,A305,A306,A307,A308,A309,B101,B102,B103,B104,B105,B106,B107,B111,B112,B113,B114,B115,B116,B117,B121,B122,B123,B124,B125,B126,B127,B201,B202,B203,B204,B205,B206,B207,B211,B212,B213,B214,B215,B216,B217,B321,B322,B323,B324,B325,B326,B327,B328,B331,B332,B333,B334,B335,B336,B337,B338,B341,B342,B343,B344,B345,B346,B347,B348,B351,B352,B353,B354,B355,B356,B357
,,,,,,,,11,12,13,14,15,16,17,18,19,20,21,22,23,24,25,26,27,28,29,30,31,32,33,34,35,36,37,38,39,40,41,42,43,44,45,46,47,48,49,50,51,52,53,54,55,56,57,58,59,60,61,62,63,64,65,66,67,68,69,70,71,72,73,74,75,76,77,78,79,80,81,82,83,84,85,86,87,88,89,90,91,92,93,94,95,96,97,98,99,100,101,102,103,104,105,106,107,108,109,110,111,112,113,114,115,116,117,118,119,120,121,122,
,String,Name,AP,Unlocked?,Interval,Droprate Ref,Runs,,,,,,,,,,,,,,,,,,,,,,,,,,,,,,,,,,,,,,,,,,,,,,,,,,,,,,,,,,,,,,,,,,,,,,,,,,,,,,,,,,,,,,,,,,,,,,,,,,,,,,,,,,,,,,,,,
EMBER GATHERING,EMB1,Monday/Thursday- Novice,10AP,1,Ember Gathering!A8:J18,,24,,,,,,,,,,,,,,,,,,,,,,,,,,,,,,,,,,,,,,,,,,,,,,,,,,,,,,,,,,,,,,,,,,,,,,,,,,,,,,,,,,,,,,,,,,,,,26.7,,,40.0,30.0,,,,7.7,,,7.3,26.7,,,,3.9,,,5.0,21.8
,EMB2,Monday/Thursday- Intermediate,20AP,1,Ember Gathering!A23:J36,,15,,,,,,,,,,,,,,,,,,,,,,,,,,,,,,,,,,,,,,,,,,,,,,,,,,,,,,,,,,,,,,,,,,,,,,,,,,,,,,,,,,,,,150.0,,,50.0,,,,,17.6,,,13.6,300.0,,,,11.1,,,8.3,23.1,,,,60.0,,,50.0,
,EMB3,Monday/Thursday- Advanced,30AP,1,Ember Gathering!A41:J51,,50,,,,,,,,,,,,,,,,,,,,,,,,,,,,,,,,,,,,,,,,,,,,,,,,,,,,,,,,,,,,,,,,,,,,,,,,,,,,,,,,,,,,,23.3,,,16.4,71.4,,,,7.8,,,7.5,27.8,,,,50.0,,,71.4,,,,,,,,,
,EMB4,Monday/Thursday- Expert,40AP,1,Ember Gathering!A56:J63,,745,,,,,,,,,,,,,,,,,,,,,,,,,,,,,,,,,,,,,,,,,,,,,,,,,,,,,,,,,,,,,,,,,,,,,,,,,,,,,,,,,,,,,11.6,,,11.7,34.9,,,,82.9,,,87.1,1233.3,,,,,,,,,,,,,,,,
,EMB5,Tuesday/Friday- Novice,10AP,1,Ember Gathering!A68:J78,,35,,,,,,,,,,,,,,,,,,,,,,,,,,,,,,,,,,,,,,,,,,,,,,,,,,,,,,,,,,,,,,,,,,,,,,,,,,,,,,,,,,,,,,,,,,,31.8,,,26.9,,,350.0,,6.1,,,6.4,,,18.4,,5.2,,,4.9,,,17.5
,EMB6,Tuesday/Friday- Intermediate,20AP,1,Ember Gathering!A83:J96,,13,,,,,,,,,,,,,,,,,,,,,,,,,,,,,,,,,,,,,,,,,,,,,,,,,,,,,,,,,,,,,,,,,,,,,,,,,,,,,,,,,,,130.0,,,130.0,,,260.0,,15.3,,,14.4,,,52.0,,7.9,,,13.0,,,28.9,,52.0,,,52.0,,,
,EMB7,Tuesday/Friday- Advanced,30AP,1,Ember Gathering!A101:J111,,50,,,,,,,,,,,,,,,,,,,,,,,,,,,,,,,,,,,,,,,,,,,,,,,,,,,,,,,,,,,,,,,,,,,,,,,,,,,,,,,,,,,26.3,,,32.6,,,93.8,,12.5,,,11.2,,,37.5,,93.8,,,71.4,,,,,,,,,,,
,EMB8,Tuesday/Friday- Expert,40AP,1,Ember Gathering!A116:J123,,830,,,,,,,,,,,,,,,,,,,,,,,,,,,,,,,,,,,,,,,,,,,,,,,,,,,,,,,,,,,,,,,,,,,,,,,,,,,,,,,,,,,11.8,,,11.5,,,34.1,,86.0,,,85.8,,,1106.7,,,,,,,,,,,,,,,,
,EMB9,Wednesday/Saturday- Novice,10AP,1,Ember Gathering!A128:J138,,20,,,,,,,,,,,,,,,,,,,,,,,,,,,,,,,,,,,,,,,,,,,,,,,,,,,,,,,,,,,,,,,,,,,,,,,,,,,,,,,,,,,,,,,,,,,,50.0,,,66.7,,200.0,,,6.3,,,6.5,,25.0,,,4.3,,,5.0,,13.3
,EMB10,Wednesday/Saturday- Intermediate,20AP,1,Ember Gathering!A143:J156,,12,,,,,,,,,,,,,,,,,,,,,,,,,,,,,,,,,,,,,,,,,,,,,,,,,,,,,,,,,,,,,,,,,,,,,,,,,,,,,,,,,,,,60.0,,,,,,,,15.0,,,15.0,,60.0,,,11.4,,,9.6,,20.0,,,48.0,,,48.0,,
,EMB11,Wednesday/Saturday- Advanced,30AP,1,Ember Gathering!A161:J171,,47,,,,,,,,,,,,,,,,,,,,,,,,,,,,,,,,,,,,,,,,,,,,,,,,,,,,,,,,,,,,,,,,,,,,,,,,,,,,,,,,,,,,28.2,,,30.0,,94.0,,,11.8,,,11.4,,40.3,,,82.9,,,94.0,,,,,,,,,,
,EMB12,Wednesday/Saturday- Expert,40AP,1,Ember Gathering!A176:J183,,853,,,,,,,,,,,,,,,,,,,,,,,,,,,,,,,,,,,,,,,,,,,,,,,,,,,,,,,,,,,,,,,,,,,,,,,,,,,,,,,,,,,,11.6,,,11.5,,35.8,,,92.5,,,83.0,,1218.6,,,,,,,,,,,,,,,,
,EMB13,Sunday- Novice,10AP,1,Ember Gathering!A188:J210,,13,,,,,,,,,,,,,,,,,,,,,,,,,,,,,,,,,,,,,,,,,,,,,,,,,,,,,,,,,,,,,,,,,,,,,,,,,,,,,,,,,,,,,,,,,,,130.0,65.0,130.0,130.0,130.0,130.0,130.0,,32.5,10.0,26.0,21.7,14.4,32.5,21.7,,21.7,43.3,18.6,13.0,14.4,11.8,8.1
,EMB14,Sunday- Intermediate,20AP,1,Ember Gathering!A215:J244,,5,,,,,,,,,,,,,,,,,,,,,,,,,,,,,,,,,,,,,,,,,,,,,,,,,,,,,,,,,,,,,,,,,,,,,,,,,,,,,,,,,,,,100.0,100.0,100.0,,,100.0,,,50.0,33.3,100.0,50.0,50.0,33.3,,33.3,16.7,20.0,33.3,50.0,33.3,25.0,,,,,50.0,,,
,EMB15,Sunday- Advanced,30AP,1,Ember Gathering!A249:J271,,27,,,,,,,,,,,,,,,,,,,,,,,,,,,,,,,,,,,,,,,,,,,,,,,,,,,,,,,,,,,,,,,,,,,,,,,,,,,,,,,,,,,101.3,47.6,405.0,101.3,73.6,90.0,90.0,,67.5,36.8,30.0,31.2,38.6,38.6,24.5,,270.0,202.5,405.0,405.0,810.0,270.0,405.0,,,,,,,,
,EMB16,Sunday- Expert,40AP,1,Ember Gathering!A276:J291,,380,,,,,,,,,,,,,,,,,,,,,,,,,,,,,,,,,,,,,,,,,,,,,,,,,,,,,,,,,,,,,,,,,,,,,,,,,,,,,,,,,,,33.8,34.1,33.9,30.6,36.1,35.6,34.3,,389.7,323.4,434.3,353.5,389.7,380.0,337.8,,,,,,,,,,,,,,,,
TRAINING FIELD,TRF1,MON Archer Training Ground- Nov,10AP,1,Training Field!A7:J23,20,2082,,,,,,,,,,,,,,,,,,,,,,,,,,,196.2,,,,,,,,,,,,93.0,42.6,268.4,199.6,,,,,,,,,,,,,,,,,,,,,7.4,,,,,,,539.5,,,,,,,45.1,,,,,,,,,,,,,,,11.9,,,,,,,,69.3,,,,,,,,59.4,,,,,
,TRF2,MON Archer Training Ground- Int,20AP,1,Training Field!A27:J46,21,1232,,,,,,,,,,,,,,,,,,,135.4,,,,3126.1,,,,190.9,,,,,,,,,,,,251.2,66.0,1575.6,134.2,,,,,,,,,,,,,,53.4,,,,,,,14.6,,,,,,,314.6,,,,,,,29.0,,,,,,,,,,,,,,,37.9,,,,,,,,187.5,,,,,,,,78.9,,,,,
,TRF3,MON Archer Training Ground- Adv,30AP,1,Training Field!A50:J69,22,1454,,,,,,505.4,,,,,,,,,,,,,210.0,,,,347.1,,,,231.0,,,,,,,,,,,,254.8,,,152.4,,,,,,,189.7,,,,,,,19.5,,,,,,,152.7,,,,,,,88.7,,,,,,,27.8,,,,,,,,,,,,,,,485.0,,,,,,,,101.7,,,,,,,,173.8,,,,,
,TRF4,MON Archer Training Ground- Exp,40AP,1,Training Field!A73:J92,23,10924,,,,,,317.4,,,,,,,,,,,,,213.6,,,,200.4,,,,209.2,,,,,,,,,,,,223.1,,,166.2,,,,,,,135.5,,,,,,,33.3,,,,,,,210.6,,,,,,,69.6,,,,,,,49.3,,,,,,,,,,,,,,,438.0,,,,,,,,278.3,,,,,,,,296.9,,,,,
,TRF5,TUE Lancer Training Ground- Nov,10AP,1,Training Field!A96:J109,24,2502,,,,,,,,,,,,,,,,,,,,,,,,,,204.9,,,,,,,,,,,,,79.8,37.9,,182.8,,,,,,,,,,,,,,,,,,,,,,8.5,,,,,,,471.5,,,,,,,42.5,,,,,,,,,,,,,,,12.2,,,,,,,,68.0,,,,,,,,48.3,,,,
,TRF6,TUE Lancer Training Ground- Int,20AP,1,Training Field!A113:J130,25,1151,,,,,,,,,,,,,,,,,,,161.9,,,,,,,194.8,,,,,,,,,,,,,255.7,106.8,,132.5,,,,,,,,,,,,,,,33.1,,,,,,,17.3,,,,,,,249.6,,,,,,,28.3,,,,,,,,,,,,,,,34.5,,,,,,,,89.2,,,,,,,,116.0,,,,
,TRF7,TUE Lancer Training Ground- Adv,30AP,1,Training Field!A134:J153,26,1232,,,,,484.4,,,,,,,,,,,,,,156.6,,,,361.4,,,170.2,,,,,,,,,,,,,192.9,,,145.9,,,,,,,,179.3,,,,,,,20.0,,,,,,,173.0,,,,,,,88.4,,,,,,,30.0,,,,,,,,,,,,,,,280.6,,,,,,,,141.0,,,,,,,,188.0,,,,
,TRF8,TUE Lancer Training Ground- Exp,40AP,1,Training Field!A157:J176,27,7227,,,,,313.5,,,,,,,,,,,,,,156.3,,,,355.2,,,188.5,,,,,,,,,,,,,209.0,,,170.2,,,,,,,,146.9,,,,,,,33.6,,,,,,,214.8,,,,,,,72.8,,,,,,,51.5,,,,,,,,,,,,,,,432.3,,,,,,,,146.5,,,,,,,,299.3,,,,
,TRF9,WED Berserker Training Ground- Nov,10AP,1,Training Field!A180:J194,28,1331,,,,,,,,,,,,,,,,,,,,,192.9,,,,,,,,,,,,,,,,,,86.4,,,271.6,,,,,,,,,,,,,,,,,,,,,,,,,,7.5,,,,,,,532.4,,,,,,,52.8,,,,,,,,,,,,,,,11.9,,,,,,,,73.3,,,,,,,,35.0
,TRF10,WED Berserker Training Ground- Int,20AP,1,Training Field!A198:J213,29,1173,678.2,,,,,,,,,,,,,,,,,,,,168.7,,,,,,,,,,,,,,,,,,304.4,,,107.4,,,,,,,,,,,,,,,,,,,31.7,,,,,,,15.8,,,,,,,222.5,,,,,,,29.5,,,,,,,,,,,,,,,36.8,,,,,,,,94.3,,,,,,,,110.0
,TRF11,WED Berserker Training Ground- Adv,30AP,1,Training Field!A217:J234,30,1103,389.3,,,,,,,,,,,,,,,,,,,,228.2,,,,,,,,,,,,,,,,,,213.5,,,149.1,,,,,,,,,,,,239.8,,,,,,,22.0,,,,,,,177.9,,,,,,,77.1,,,,,,,29.2,,,,,,,,,,,,,,,180.0,,,,,,,,134.0,,,,,,,,154.6
,TRF12,WED Berserker Training Ground- Exp,40AP,1,Training Field!A238:J255,31,3737,491.9,,,,,,,,,,,,,,,,,,,,252.6,,,,,,,,,,,,,,,,,,174.2,,,170.9,,,,,,,,,,,,163.4,,,,,,,35.6,,,,,,,237.2,,,,,,,72.4,,,,,,,46.5,,,,,,,,,,,,,,,373.3,,,,,,,,207.8,,,,,,,,243.4
,TRF13,THU Rider Training Ground- Nov,10AP,1,Training Field!A259:J272,32,1340,,,,,,,,,,,,,,,,,,,,,,,,,,,188.7,,,,,,,,,,,,,,62.3,235.1,,,,,,,,,,,,,,,,,,,,,,,8.5,,,,,,,582.6,,,,,,,43.5,,,,,,,,,,,,,,,12.1,,,,,,,,54.0,,,,,,,,162.0,,,
,TRF14,THU Rider Training Ground- Int,20AP,1,Training Field!A276:J290,33,1270,,,,,,,,,,,,,,,,,,,,,,,,,,,183.7,,,,,,,,,,,,,,76.0,132.8,,,,,,,,,,,,,,,,21.5,,,,,,,22.0,,,,,,,280.6,,,,,,,28.4,,,,,,,,,,,,,,,35.1,,,,,,,,97.6,,,,,,,,127.7,,,
,TRF15,THU Rider Training Ground- Adv,30AP,1,Training Field!A294:J310,34,2248,,,1016.0,,,,,,,,,,,,,,,,,,,,,,,,204.5,,,,,,,,,,,,,,66.0,233.0,,,,,,,,,127.4,,,,,,,24.8,,,,,,,126.9,,,,,,,75.6,,,,,,,29.1,,,,,,,,,,,,,,,320.0,,,,,,,,257.1,,,,,,,,225.0,,,
,TRF16,THU Rider Training Ground- Exp,40AP,1,Training Field!A314:J330,35,4725,,,544.9,,,,,,,,,,,,,,,,,,,,,,,,207.0,,,,,,,,,,,,,,85.8,242.7,,,,,,,,,102.4,,,,,,,41.7,,,,,,,182.3,,,,,,,69.2,,,,,,,51.2,,,,,,,,,,,,,,,283.2,,,,,,,,848.0,,,,,,,,446.3,,,
,TRF17,FRI Caster Training Ground- Nov,10AP,1,Training Field!A334:J346,36,3593,,,,,,,,,,,,,,,,,,,,,,130.8,,,220.2,,,,,,,,,,,,,,,,,74.7,,,,,,,,,,,,,,,,,88.7,,,,,,,8.1,,,,,,,490.0,,,,,,,30.9,,,,,,,,,,,,,,,12.6,,,,,,,,21.3,,,,,,,,,,
,TRF18,FRI Caster Training Ground- Int,20AP,1,Training Field!A350:J363,37,1211,,,,,,,,,,,,,,,,,,,,,,140.6,,,206.3,,,,,,,,,,,,,,,,,97.8,,,,,,,,,,,,,,,,,25.9,,,,,,,20.6,,,,,,,285.6,,,,,,,23.9,,,,,,,,,,,,,,,31.0,,,,,,,,36.8,,,,,,,,,,
,TRF19,FRI Caster Training Ground- Adv,30AP,1,Training Field!A367:J381,38,2136,,720.2,,,,,,,,,,,,,,,,,,,,131.4,,,186.0,,,,,,,,,,,,,,,,,145.0,,,,,,,,,,124.1,,,,,,,18.0,,,,,,,642.5,,,,,,,91.3,,,,,,,32.2,,,,,,,,,,,,,,,226.7,,,,,,,,99.0,,,,,,,,,,
,TRF20,FRI Caster Training Ground- Exp,40AP,1,Training Field!A385:J399,39,13329,,639.4,,,,,,,,,,,,,,,,,,,,161.1,,,194.4,,,,,,,,,,,,,,,,,163.6,,,,,,,,,,52.2,,,,,,,44.1,,,,,,,371.2,,,,,,,70.3,,,,,,,49.3,,,,,,,,,,,,,,,337.4,,,,,,,,128.4,,,,,,,,,,
,TRF21,SAT Assassin Training Ground- Nov,10AP,1,Training Field!A403:J416,40,1540,,,,,,,,,,,,,,,,,,,,324.5,,,,115.9,,,,,,,,,,,,,,,,,75.7,84.3,,,,,,,,,,,,,,,,,,,,,,,,,7.6,,,,,,,364.9,,,,,,,35.3,,,,,,,,,,,,,,,12.2,,,,,,,,35.6,,,,,,,,51.2,
,TRF22,SAT Assassin Training Ground- Int,20AP,1,Training Field!A420:J436,41,1134,,,,,,,,,,,,,,,,,,,233.8,782.1,,,,210.0,,,,,,,,,,,,,,,,,113.4,122.6,,,,,,,,,,,,,,,,,,18.5,,,,,,,23.6,,,,,,,276.6,,,,,,,29.2,,,,,,,,,,,,,,,35.3,,,,,,,,126.7,,,,,,,,142.5,
,TRF23,SAT Assassin Training Ground- Adv,30AP,1,Training Field!A440:J459,42,1445,,,,,,,520.2,,,,,,,,,,,,186.4,177.2,,,,185.1,,,,,,,,,,,,,,,,,289.6,223.9,,,,,,,,,,,200.7,,,,,,,20.5,,,,,,,187.6,,,,,,,81.4,,,,,,,29.1,,,,,,,,,,,,,,,228.4,,,,,,,,172.2,,,,,,,,664.3,
,TRF24,SAT Assassin Training Ground- Exp,40AP,1,Training Field!A463:J482,43,7508,,,,,,,332.8,,,,,,,,,,,,126.8,215.1,,,,4463.8,,,,,,,,,,,,,,,,,281.1,210.5,,,,,,,,,,,157.4,,,,,,,33.9,,,,,,,256.5,,,,,,,69.8,,,,,,,50.1,,,,,,,,,,,,,,,372.3,,,,,,,,151.5,,,,,,,,512.4,
,TRF25,SUN Saber Training Ground- Nov,10AP,1,Training Field!A486:J502,44,29593,,,,,,,,,,,,,,,,,,,,,,,,220.8,,,,,211.8,,,,,,,,,,109.3,42.6,276.9,199.4,,,,,,,,,,,,,,,,,,,,8.0,,,,,,,472.7,,,,,,,45.6,,,,,,,,,,,,,,,12.2,,,,,,,,67.2,,,,,,,,44.0,,,,,,
,TRF26,SUN Saber Training Ground- Int,20AP,1,Training Field!A506:J523,45,1159,,,,,,,,,,,,,,,,,,,155.5,,,,,217.9,,,,,185.4,,,,,,,,,,185.8,,,125.4,,,,,,,,,,,,,25.5,,,,,,,17.8,,,,,,,255.2,,,,,,,28.8,,,,,,,,,,,,,,,31.8,,,,,,,,96.7,,,,,,,,105.5,,,,,,
,TRF27,SUN Saber Training Ground- Adv,30AP,1,Training Field!A527:J547,46,4351,,,,779.8,,,,,,,,,,,,,,,124.5,,,,170.8,203.5,,,,,193.8,,,,,,,,,,218.3,,,149.8,,,,,,604.9,,,,,,,22.4,,,,,,,117.9,,,,,,,87.3,,,,,,,30.0,,,,,,,,,,,,,,,343.9,,,,,,,,221.5,,,,,,,,153.7,,,,,,
,TRF28,SUN Saber Training Ground- Exp,40AP,1,Training Field!A551:J570,47,28657,,,,499.8,,,,,,,,,,,,,,,149.7,,,,377.2,196.5,,,,,195.0,,,,,,,,,,212.6,,,178.1,,,,,,144.7,,,,,,,34.3,,,,,,,169.8,,,,,,,74.3,,,,,,,54.7,,,,,,,,,,,,,,,420.0,,,,,,,,237.1,,,,,,,,270.3,,,,,,
FUYUKI,FUY1,Unknown Coordinates X-A,3AP,1,Free Quests- Part 1!A7:J12,48,636358,,,,,,,,,,,,,,,,,,,,,,,,,,,,,,,,,,,,,,,,40.5,,,,,,,,,,,,,,,,,,,,,,20.1,,,,,,,,,,,,,,,,,,,,,,,,,,,,,,,,,,,,,,,,,,,,,20.6,,,,,,
,FUY2,Unknown Coordinates X-B,4AP,1,Free Quests- Part 1!A16:J23,49,2732,,,,,,,,,,,,,,,,,,,,,,,,,,,,,,,,,,,,,,,,28.6,,,,,,,,,,,,,,,,,,,,,,27.5,,39.5,,,,,,,,,,,,,,,,,,,,,,,,,,,,,,,,,,,,,,,,,,,23.9,,34.9,,,,
,FUY3,Unknown Coordinates X-C,4AP,1,Free Quests- Part 1!A27:J34,50,62808,,,,,,,,,,,,,,,,,,,,,,,,,,,,,,,,,,,,,,,,22.3,,,,,,,,,,,,,,,,,,,,,,20.4,,26.7,,,,,,,,,,,,,,,,,,,,,,,,,,,,,,,,,,,,,,,,,,,18.5,,25.8,,,,
,FUY4,Unknown Coordinates X-D,5AP,1,Free Quests- Part 1!A38:J45,51,2789,,,,,,,,,,,,,,,,,,,,,,,,,,,,,,,,,,,,,,,,24.6,,,,,,,,,,,,,,,,,,,,,,22.6,26.1,,,,,,,,,,,,,,,,,,,,,,,,,,,,,,,,,,,,,,,,,,,,28.0,28.0,,,,,
,FUY5,Unknown Coordinates X-E,5AP,1,Free Quests- Part 1!A49:J59,52,3585,,,,,,,,,,,,,,,,,,,,,,,,,,,,,,,,,,,,,,,,30.2,,114.6,,,,,,,,,,,,,,,,,,,,26.9,47.5,,,,,,,,,,,,,,,,94.2,,,,,,,,,,,,,,,,,,,,,,,24.6,,,,,32.9,69.0,,,,,
,FUY6,Unknown Coordinates X-F,6AP,1,Free Quests- Part 1!A63:J75,53,7789,,,,,,,,,,,,,,,,,,,,,,,,,,,,,,,,,,,,,,,,35.1,,75.3,,,,,,,,,,,,,,,,,,,,39.1,39.7,,,,,,,,,,,,,,,124.6,,,130.7,,,,,,,,,,,,,,,,,,,,26.5,,,28.3,,,31.8,34.4,,,,,
,FUY7,Unknown Coordinates X-G,15AP,1,Free Quests- Part 1!A79:J88,54,140046,,,,,,,,,,,,,,,,,,,,,,,,,,,,,,,,,,,,,,,,23.5,,,,,,,,,,,,,,,,,,,,,,162.7,332.5,83.1,,,,,,,,,,,,,,,,,,,,,,,,,,,,,,,,,,,,,,,,,,,134.1,257.1,71.8,,,,
,FUY8,Mobile Coordinate No.0,7AP,1,Free Quests- Part 1!A92:J104,55,1390,,,,,,,,,,,,,,,,,,,,,,,,,,,,,,,,,,,,,,,,,66.3,76.4,,,,,,,,,,,,,,,,,,,,136.0,118.8,,,,37.5,,,,,,,,,74.7,,,,,,,,,,,,,,,,,,,,,,,31.0,,,,,,,,105.0,273.0,,,,35.9,
ORLEANS,ORL1,Domremy,7AP,1,Free Quests- Part 1!A110:J117,56,1734,,,,,,,,,,,,,,,,,,,,,,,,,,,,,,,,,,,,,,,33.6,,,,,,,,,,,,,,,,,,,,,,,26.4,,65.9,,,,,,,,,,,,,,,,,,,,,,,,,,,,,,,,,,,,,,,,,,,37.5,,65.2,,,,
,ORL2,Vaucouleurs,7AP,1,Free Quests- Part 1!A121:J130,57,1215,,,,,,,,,,,,,,,,,,,,,,,,,,,,,,,,,,,,,,,,131.3,83.2,,,,,,,,,,,,,,,,,,,,,73.1,,,38.7,,,,,,,,,,,,,,,,,,,,,,,,,,,,,,,,,,,,,,,,,,81.3,,,50.3,,,
,ORL3,La Charite,7AP,1,Free Quests- Part 1!A134:J145,58,1255,,,,,,,,,,,,,,,,,,,,,,,,,,,,,,,,,,,,,,,118.5,,59.6,,,,,,,,,,,,,,,,,,,,,,,67.0,21.5,,,,,,,,,,,,,,,,,,,,,,,,,,,,,,,,,,,,,155.4,,,,,,,111.0,28.8,,,
,ORL4,Jura,7AP,1,Free Quests- Part 1!A149:J164,59,2429,,,,,,,,,,,,,,,,,,,134.2,,,,,,,,,,,,,,,,,,,,,,131.2,89.0,,,,,,,,,,,,,,,,,,,,44.4,,47.7,42.4,,92.6,,,,,,,,,,,,69.4,,,,,,,,,,,,,,,,,,,,,,,20.8,,,,,56.0,,81.5,,,298.7,
,ORL5,Lyon,7AP,1,Free Quests- Part 1!A168:J178,60,1253,,,,,,,,,,,,,,,,,,,,,,,,,,,,,,,,,,,,,,,36.5,,,105.9,,,,,,,,,,,,,,,,,,,,27.1,,69.0,,,,,,,,,,,,,,,,,65.2,,,,,,,,,,,,,,,,,,,,,,,37.5,,,31.8,,63.5,,,,
,ORL6,Marseille,7AP,1,Free Quests- Part 1!A182:J189,61,1785,,,,,,,,,,,,,,,,,,,,,,,,,,,,,,,,,,,,,,,23.6,,,,,,,,,,,,,,,,,,,,,,,33.1,,27.8,,,,,,,,,,,,,,,,,,,,,,,,,,,,,,,,,,,,,,,,,,,19.1,,20.5,,,,
,ORL7,Thiers,7AP,1,Free Quests- Part 1!A193:J203,62,2747,,,,,,,,,,,,,,,,,,,,,,,,,,,,,,,,,,,,,,,,,50.1,78.7,,,,,,,,,,,,,,,,,,,,,,,20.7,,,,,,,,,,,,,,,,,73.9,,,,,,,,,,,,,,,,,,,,57.8,,,28.9,,,,,28.9,,,
,ORL8,Bordeaux,7AP,1,Free Quests- Part 1!A207:J216,63,1752,,,,,,,,,,,,,,,,,,,79.9,,,,,,,,,,,,,,,,,,,,,,,,,,,,,,,,,,,,,,,,,,,86.1,,21.7,,,29.9,,,,,,,,,,,,,,,,,,,,,,,,,,,,,,,,,,,,,,,,112.0,,40.7,,,89.6,
,ORL9,Orleans,8AP,1,Free Quests- Part 1!A220:J235,64,1504,,,,,,,,,,,,,,,,,,,,,,,,,,,,,,,,,,,,,,,,62.9,76.6,92.9,,,,,,,,,,,,,,,,141.1,,,,,,82.0,51.0,,,,,,,,,,,,,,,84.5,,,,,,,,,,,,,,142.7,,,,,,,,77.8,53.5,,,,,,77.8,,,,
,ORL10,Paris,13AP,1,Free Quests- Part 1!A239:J255,65,1393,,,,,,,,,,,,,,,,,,,,,,,,,,,,,,,,,,,,,,,,81.7,130.3,171.3,,,,,,,,,,,,,,,,260.8,,,,,92.2,,138.7,,,,,,,,,,,728.4,667.1,1030.5,,,,,,,,,,,,,,,,307.7,,,,,,,,,,,,,,83.9,,115.4,,,
SEPTEM,SEP1,Appia Road,9AP,1,Free Quests- Part 1!A261:J273,66,1197,,,,,,,,,,,,,,,,,,,,,,,,,,,,,,,,,,,,,,,25.9,,,116.2,,,,,,,,,,,,,,,,,,,,65.1,63.6,98.4,,,,,,,,,,,,,,,,,,93.1,,,,,,,,,,,,,,,,,,,,,,,32.5,,83.6,53.2,146.3,,,,
,SEP2,Rome,9AP,1,Free Quests- Part 1!A277:J284,67,1841,,,,,,,,,,,,,,,,,,,,,,,,,,,,,,,,,,,,,,,39.4,,,,,,,,,,,,,,,,,,,,,,,36.7,,85.3,,,,,,,,,,,,,,,,,,,,,,,,,,,,,,,,,,,,,,,,,,,72.0,,72.0,,,,
,SEP3,Mt. Etna,9AP,1,Free Quests- Part 1!A288:J293,68,1499,,,,,,,,,,,,,,,,,,,,105.9,,,,,,,,,,,,,,,,,,,,,,,,,,,,,,,,,,,,,,,,,,,,,,,26.4,,,,,,,,,,,,,,,,,,,,,,,,,,,,,,,,,,,,,,,,,,,,,90.0,
,SEP4,Florence,9AP,1,Free Quests- Part 1!A297:J306,69,1187,,,,,,,,,,,,,,,,,,,,,,,,,,,,,,,,,,,,,,,29.2,,,,,,,,,,,,,,,,,,,,,,,177.9,35.1,89.4,,,,,,,,,,,,,,,,,,,,,,,,,,,,,,,,,,,,,,,,,,,157.5,26.3,78.8,,,,
,SEP5,Mediolanum,9AP,1,Free Quests- Part 1!A310:J317,70,1138,,,,,,,,,,,,,,,,,,,,,,,,,,,,,,,,,,,,,,,25.6,,,,,,,,,,,,,,,,,,,,,,,56.1,,45.1,,,,,,,,,,,,,,,,,,,,,,,,,,,,,,,,,,,,,,,,,,,63.0,,18.0,,,,
,SEP6,Germania,15AP,1,Free Quests- Part 1!A321:J334,71,4301,436.7,,,,,,,,,,,,,,,,,,,,,,,,,,,,,,,,,,,,,,,31.5,,,,,,,,,,,,,,,,,,,,,187.9,94.8,299.3,146.3,,,,,,,,,,,,,,,,,,,,,,,,,,,,,,,,,742.5,,,,,,,,,,123.8,247.5,148.5,,,,
,SEP7,Massilia,9AP,1,Free Quests- Part 1!A338:J350,72,1357,,,,,,,,,,,,,,,,,,,,,,,,,,,,,,,,,,,,,,,66.2,,,54.3,,,,,,,,,,,,,,,,,,,,86.8,,101.3,,,,,,,,,,,,,,,85.1,,,89.5,,,,,,,,,,,,,,,,,,,,69.0,,,41.4,,207.0,,207.0,,,,
,SEP8,Gaul,9AP,1,Free Quests- Part 1!A354:J368,73,2916,,,,,,,,,,,,,,,,,,,,,171.0,,,,,,,,,,,,,,,,,,59.1,,,116.8,,,,,,,,,,,,,,,,,,,,,98.1,62.6,,,,56.8,,,,,,,,89.0,,,,,,,,,,,,,,,,,,,,,,,61.2,,,,,,,,,43.7,43.7,,,,76.5
,SEP9,Britannia,10AP,1,Free Quests- Part 1!A372:J381,74,1252,,,,,,,,,,,,,,,,,,,87.1,,,,,,,,,,,,,,,,,,,,,,,,,,,,,,,,,,,,,,,,,,,39.6,,39.5,,,61.1,,,,,,,,,,,,,,,,,,,,,,,,,,,,,,,,,,,,,,,,85.0,,42.5,,,85.0,
,SEP10,Shaped Isle,9AP,1,Free Quests- Part 1!A385:J395,75,1170,,,,,,,,,,,,,,,,,,,,,,,,,,,,,,,,,,,,,,,,48.3,,108.0,,,,,,,,,,,,,,,,,,,,,36.6,174.5,,,,,,,,,,,,,,,,,,92.7,,,,,,,,,,,,,,,,,,,,,,,67.8,,,34.9,82.3,,,,
,SEP11,Alliance Capital,10AP,1,Free Quests- Part 1!A399:J414,76,1380,,,,,,,,,,,,,,,,,,,,,413.5,,,,,,,,,,,,,,,,,,57.3,,,124.4,,,,,,,,,,,,,,,,,,,,205.7,95.7,,,,,82.8,,,,,,,,,,,,,,92.8,,,,,,,,,,,,,,,,,,,,,,,50.0,,180.0,93.0,,,,,84.5
OKEANOS,OKN1,Pirate Ship,12AP,1,Free Quests- Part 1!A420:J427,77,8138,,,,,,,,,,,,,,,,,,,,,,,,,,,,,,,,,,,,,,,20.6,,,,,,,,,,,,,,,,,,,,,,,59.4,47.6,,,,,,,,,,,,,,,,,,,,,,,,,,,,,,,,,,,,,,,,,,,,59.7,55.0,,,,,
,OKN2,Pirate Island,13AP,1,Free Quests- Part 1!A431:J442,78,1401,,,,,,,,,,,,,,,,,,,,,,,,,,,,,,,,,,,,,,,23.8,,,113.9,,,,,,,,,,,,,,,,,,,,,52.8,,,,,81.4,,,,640.0,,,,,,,130.3,,,,,,,,,,,,,,,,,,,,,,,57.4,,,,,,49.2,,,,,62.6
,OKN3,King's Abode Island,13AP,1,Free Quests- Part 1!A446:J457,79,1251,,,,,,,,,,,,,,,,,,,,,,,,,,,,,,,,,,,,,,,46.9,,,105.4,,,,,,,,,,,,,,,,,,,,,89.7,,,,,117.0,,,,,,,672.6,,,,,,,111.5,,,,,,,,,,,,,,,,,,,,,,,60.7,,,182.0,,,,,182.0
,OKN4,Mapped Island,13AP,1,Free Quests- Part 1!A461:J472,80,1932,,,,,,,,,,,,,,,,,,,,,,,,,,,,,,,,,,,,,,,,,35.4,99.9,,,,,,,,,,,,,,,,,,,,48.4,79.4,,,,,,,,,,,,800.5,,,,,,,138.4,,,,,,,,,,,,,,,,,,,,,,,52.0,,52.0,,,,,,
,OKN5,Sunken Rock Seas,17AP,1,Free Quests- Part 1!A476:J488,81,2113,,,,,,,,,,,,,,,,,,,,,,105.0,,,,,,,,,,,,,,,,,,48.5,,,,,,,,,,,,,,,,,,,77.9,,,,68.8,,,105.4,,,,,,,,,,,,,,,,,,,,,,,,,,,,,391.0,,,,,,,,86.9,,,,,74.5,,,,,
,OKN6,Two-Current Sea,14AP,1,Free Quests- Part 1!A492:J505,82,1835,,,,,,,,,,,,,,,,,,,,,111.8,,,,,,,,,,,,,,,,,,54.2,,,,,,,,,,,,,,,,,,,,,,281.5,,73.8,,,,,72.6,,,,,,,,,,,,,,,,,,,,,,,,,,,,,,,,,,,,,238.0,,,52.9,,,,,95.2
,OKN7,Island of Wyverns,14AP,1,Free Quests- Part 1!A509:J519,83,2460,,,,,,,,,,,,,,,,,,,,,,,,,,,,,,,,,,,,,,,,,27.5,,,,,,,,,,,,,,,,,288.6,,,,,,,32.5,,,,,,,,,,,,,,,,,,,,,,,,,,,,,278.4,,,,,,,,84.0,,,,,,,,80.0,,,
,OKN8,Caldera Island,17AP,1,Free Quests- Part 1!A523:J532,84,2294,,,,,,,,,,,,,,,,,,,109.1,,,,,,,,137.8,,,,,,,,,,,,,,,,,,,,,,,,,,,,,,,,,,,42.8,,,52.0,,,,,,,,,,,,,,,,,,,,,,,,,,,,,,,,,,,,,,,,,,44.6,,,71.4,,,
,OKN9,Stormy Seas,15AP,1,Free Quests- Part 1!A536:J543,85,2815,,,,,,,,,,,,,,,,,,,,73.1,,,,,,,,,,,,,,,,,,,,,,,,,,,,,,,,,,,,,,,,,,,,,,,30.1,,,,,,,,,,,,,,,,,,,,,,,,,,,,,,,,,,,,,67.5,,,,,,,,67.5,
,OKN10,Archipelago (Quiet Bay),15AP,1,Free Quests- Part 1!A547:J560,86,1230,,,,,,,,,,,,,,,,,,,,,,,,,,,,,,,,,,,,,,,83.8,,114.7,60.0,,,,,,,,,,,,,,,,,,,,48.0,,,,,,,,,,,500.0,,662.2,,,,,152.2,,151.4,,,,,,,,,,,,,,,,,,,,,150.0,,37.5,,50.0,,,,,,
,OKN11,Archipelago (Hidden island),16AP,1,Free Quests- Part 1!A564:J574,87,1346,,,,,,,,,,,,,,,,,,,,,,,,,,,,,62.0,,,,,,,,,,,,,,,,,,,,,,,,,,284.0,,,,,,,33.7,,,,,,,,,,,,,,,,,,,,,254.7,,,,,,,,,,,,,,,,100.0,,,,,,,,50.0,,,,,,
,OKN12,Bountiful Sea,18AP,1,Free Quests- Part 1!A578:J591,88,19412,,,,,,,,,,,,,,,,,,,59.7,,,,190.7,,,,,,,,,,,,,,,,,,,,,,,,,,,,,,,,,181.5,356.1,,,,,112.5,,77.6,,,,,,,,,,,,,,,,,,,,,,,,,,,,,,,,,,,,208.3,291.6,,,,,,486.0,,112.2,,,,
LONDON,LDN1,Old Street,15AP,1,Free Quests- Part 1!A597:J602,89,1171,,,,,,,,,,,,,,,,,,,,,,,,119.3,,,,,,,,,,,,,,,,,,,,,,,,,,,,,,,,,,,,,,,,,,,26.5,,,,,,,,,,,,,,,,,,,,,,,,,,,,,,,,,,,,,,,,,,,,,65.0,
,LDN2,White Chapel,15AP,1,Free Quests- Part 1!A606:J617,90,1187,,,,,,,,,,,,,,,,,,,,,,,,129.2,,,,,,,,,,,,,,,,,,140.3,,,,,,,,,,,,,,,,,,337.2,,,,,,,36.1,,,,,,,878.5,,,,,,,166.5,,,,,,,,,,,,,,,,,,,,,,,45.0,,,,,,,,,
,LDN3,City of London,15AP,1,Free Quests- Part 1!A621:J626,91,1154,,,,,,,,,,,,,,,,,,,,,,,,,,130.5,,,,,,,,,,,,,,,,,,,,,,,,,,,,,,,,,,,,,,27.1,,,,,,,,,,,,,,,,,,,,,,,,,,,,,,,,,,,,,,,,,,,,,,,,,
,LDN4,Soho,16AP,1,Free Quests- Part 1!A630:J648,92,1159,,,,,,,,,,,,,,,,,,,,,,,,276.2,,178.9,,,,,,,,,,,,,,,,94.9,,,,,,,,,,,,,,,336.6,,,279.9,,,,238.1,,,180.3,,,,,,325.4,,,,,,,187.1,,,,,,,,,,,,,,,,,,,,,,,128.0,,,,,,128.0,,,,
,LDN5,Westminster,16AP,1,Free Quests- Part 1!A652:J664,93,1167,,,,,,,,,,,,,,,,,,,,,,,,,,132.0,,,,,,,,,,,,,,,,105.3,,,,,,,,,,,,,,,468.7,,,,,,,61.4,,,,,,,,,344.5,,,,,,,169.0,,,,,,,,,,,,,112.0,,,,,,,,,,112.0,,,,,,112.0,,,,
,LDN6,Regent Park,16AP,1,Free Quests- Part 1!A668:J678,94,1158,,,,,,,,,,,,,,,,,,,,,,,,162.5,359.1,,,,,,,,,,,,,,,,,,,,,,,,,,,,,,281.2,,,,,,,70.5,,,,73.1,,,,,,,,,,,,,,,,,,,,,,,,,,,,,,,,,,,,,,,,,56.0,,,,37.3,,
,LDN7,Clerkenwell,18AP,1,Free Quests- Part 1!A682:J696,95,5274,,,,,,,,,,,,,,,,,,,,,,,,72.3,,,,,,,,,,,,,,,,51.6,,,,,,,,,,,,,607.6,,,,,,,119.3,,89.2,,,,,240.5,,,,,,,,,,,,,,,,,,,,,,,,,,,,,432.0,,,,,,,,,,,216.0,,,,,144.0,
,LDN8,Southwark,19AP,1,Free Quests- Part 1!A700:J712,96,10119,,,,,,,,,,,,,,,,,,,,,,,,,,62.2,,,,,,,,,,,,,,68.5,,,,,,,,,,,,,,,,,193.1,,,,,,129.1,58.7,,,,,,,,,,,,,,,,,,,,,,,,,,,,,178.2,,,,,,,,,,,,,,,110.1,124.8,,,,
,LDN9,Hyde Park,20AP,1,Free Quests- Part 1!A716:J731,97,18120,,,,,,,,,,,,,,,,,,,,,,,,,74.3,,,,,,,,,,,,,,,54.4,,,,,,,,,,,,643.5,,,,,,,130.8,,,,,103.3,,233.9,,,,,,,,,,,,,,,,,,,,,,,,,,,,,510.3,,,,,,,,147.5,,,,,,82.8,,286.1,,
E PLURIBUS UNUM,EPU1,Black Hills,17AP,1,Free Quests- Part 1!A737:J742,98,1168,,,,,,,,,,,,,,,,,,,,,,,,100.6,,,,,,,,,,,,,,,,,,,,,,,,,,,,,,,,,,,,,,,42.4,,,,,,,,,,,,,,,,,,,,,,,,,,,,,,,,,,,,,,,,,,,,,32.1,,,,,
,EPU2,Riverton,17AP,1,Free Quests- Part 1!A746:J759,99,1209,,,,,,,,,,,,,,,,,,,,,,,,,,,,,,,,,,,,,,,39.5,,,51.5,,,,,,,,,,,,,,,,,,,,130.8,328.0,351.2,,,,,,,218.7,,,,,,,81.4,,,,,,,,,,,,,,,,,,,,,,,97.1,,,,,,113.3,680.0,136.0,,,,
,EPU3,Denver,17AP,1,Free Quests- Part 1!A763:J774,100,1201,,,,,,,,,,,,,,,,,,,,,,,,103.9,,,,,,,,,,,,,,,,,,141.3,,,,,,,,,,,,,,179.8,,,,,,,70.4,,,,,,,,844.0,,,,,,,154.1,,,,,,,,,,,,,,,,,,,,,,,102.0,,,,,,,51.0,,,,,
,EPU4,Deming,17AP,1,Free Quests- Part 1!A778:J788,101,8782,,,,,,,,,,,,,,,,,,,,,,,,,,,,,,,,,,,,,,,,,27.5,,,,,,,,,,,,,,,,,233.7,,,,,,,46.8,,,,,,,,,,,,,,,,,,,,,,,,,,,,,314.1,,,,,,,,107.7,,,,,,,,127.0,,,
,EPU5,Dallas,17AP,1,Free Quests- Part 1!A792:J799,102,7907,,,,,,,,,,,,,,,,,,,,,,,,,,,,,,,,,,,,,,,25.6,,,,,,,,,,,,,,,,,,,,,,,,169.6,66.3,,,,,,,,,,,,,,,,,,,,,,,,,,,,,,,,,,,,,,,,,,,,151.8,60.7,,,,
,EPU6,Alcatraz,18AP,1,Free Quests- Part 1!A803:J814,103,1254,,,,,,,,,,,,,,,,,,,,,,,,,,,,,,,,,,,,,,,35.3,,,158.1,,,,,,,,,,,,,,,,,,,,309.3,,71.9,,,,,,,,,,,854.7,,,,,,,176.6,,,,,,,,,,,,,,,,,,,,,,,81.0,,,,81.0,,,,
,EPU7,Des Moines,18AP,1,Free Quests- Part 1!A818:J830,104,28194,89.5,,,,,,,,,,,,,,,,,,196.4,,,,,,,,,,,,,,,,,,,,,,,113.2,,,,,,,,,,,,,,,,,,197.9,219.8,,,,,,,,,,366.3,,,,,,,196.3,,,,,,,,,,,,,,,,,,,26.2,,,,99.2,,,119.5,,,,,,,,,
,EPU8,Montgomery,18AP,1,Free Quests- Part 1!A834:J843,105,4543,,,,,,,,,,,,,,,,,,,,,,,,,,,,,,,,,,,,,,,28.8,,,116.7,,,,,,,,,,,,,,,,,,,,,59.1,,,,,,,427.3,,,,,,,177.4,,,,,,,,,,,,,,,,,,,,,,,234.0,,,,,,,,26.0,,,,,
,EPU9,Lubbock,18AP,1,Free Quests- Part 1!A847:J857,106,1070,,,,,,,148.6,,,,,,,,,,,,,,,,,,,,,,,,,,,,,,,,33.2,,,,,,,,,,,,,,,,,,,,,213.0,,81.9,157.1,,,,,,,,,,,,,,,,,,,,,,,,,,,,,,,,,23.1,,,,,,,,,,,81.0,81.0,,,,,
,EPU10,Alexandria,18AP,1,Free Quests- Part 1!A861:J873,107,13074,,,,,,149.2,,,,,,,,,,,,,,,,,,,,,,,,,,,,,,,,,33.7,,,,,,,,,,,,,,,,,225.3,,,,,,121.2,373.3,179.5,,,,,,,,,,,,,,,,,,,,,,,,,,,,18.0,,,,,,,,,,,,,,,72.0,,144.0,,,,
,EPU11,Kearney,18AP,1,Free Quests- Part 1!A877:J887,108,2611,,,,,142.2,,,,,,,,,,,,,,,,,,,,,,,,,,,,,,,,,,32.8,,,,,,,,,,,,,,,,,,201.5,,,,,133.4,,114.7,,,,,,,,,,,,,,,,,,,,,,,,,,,,,18.0,,,,,,,,,,,,,,58.5,,234.0,,,,
,EPU12,Charlotte,20AP,1,Free Quests- Part 1!A891:J907,109,361282,,,,,,,,,,,,,,,,,,,,,,,,,,,,,,,,,,,,,,,41.6,,,31.2,,,,,,,,,,,,,,,,,,,,,237.8,234.8,,464.6,,,,,571.1,,,,193.9,,,237.6,,,,79.6,,,,,,,,,,,,,,,,,,,129.4,,,,32.1,,,184.6,201.1,,563.0,,
,EPU13,Washington,20AP,1,Free Quests- Part 1!A911:J925,110,1660,,,,246.4,,,,,,,,,,,,,,,,,,,,,,,,,,,,,,,,,,,37.5,,,,,,,,,630.8,,,,,,,,,,,,,,140.6,382.7,438.0,,344.0,,,,,,,,,,,,,,,,,22.8,,,,,,,,,,,,,,,,,,,,,,,,88.3,176.7,353.3,,530.0,,
,EPU14,Chicago,21AP,1,Free Quests- Part 1!A929:J939,111,3877,,,,,,,,,,,,,,,,,,,,,,,,51.7,,,,,,,,,,,,,,,,,,,,,,,,,566.3,,,,,,,128.5,,,,,,,92.5,,,,,,,,,,,,,,,,,,,,,,,,,,,,,336.0,,,,,,,,,,,,,,,,65.6,,,,,
CAMELOT,CML1,Sandstorm Desert,19AP,1,Free Quests- Part 1!A945:J957,112,71029,,,,,,,,,234.6,,,,,,,,,,,,,,,,,,,,,,,,,,,,,,,30.2,,,,,,,,,,,,612.6,,,,,,,,,,161.2,193.9,191.8,,,,,,,,,,,,,,,,,,,,,,,22.3,,,,,,,,,,,,,,,,,,,,193.2,386.3,231.8,,,,
,CML2,Dune of Dawn,19AP,1,Free Quests- Part 1!A961:J971,113,1191,,,,,,,,170.0,,,,,,,,,,,,,,134.5,,,,,,,,,,,,,,,,,,,,,,,,,,,,,,,,,,,,,44.1,,,,,,,116.1,,,,,,,,,,,,,,,,,,,,,25.4,,,,,,,,120.3,,,,,,,,361.0,,,,,,,,,,
,CML3,Wastelands of Death,19AP,1,Free Quests- Part 1!A975:J983,114,18321,,,,,,,,,,,,,,,,,,,,,,,,,,,,,,,,,,,,,,,,,,,29.1,,,,,,,,,,,,,,,,,,,,,,,,94.0,123.8,,,,,,,,,,,,,,,,,,,,,,,,,,,,,,,,,,,,108.0,128.3,,,,,,,,
,CML4,East Village,19AP,1,Free Quests- Part 1!A987:J997,115,1479,,,,,117.3,,,,,,,,,,,,,,,,,,,,,,,,,,,,,,,,,,,,45.6,,,,,,,,,,,,,,,,226.9,,,,,,,,49.7,,,,,,,,,,,,,,,,,,,,,,,,,,,,30.2,,,,,,,,,256.5,,,,,,,,256.5,,,
,CML5,Fortress of the Round Table,19AP,1,Free Quests- Part 1!A1001:J1014,116,3478,,,,,,,,,,,,,,,,,,,,,,,,,,,,104.5,,,,,,,,,,,43.2,,,,,,,,,,,,,,,,181.3,,199.9,,,,,194.4,,129.5,,,,,,,,,,,,,,,,,,,191.1,,194.4,,,,,,,,,,,,,,,,,,,,,,247.0,,61.8,,,,
,CML6,Mausoleum of the Evening Bell,19AP,1,Free Quests- Part 1!A1018:J1027,117,2820,,,,,,,,,,,,,,,,,,,,59.1,,,,,,,,,,,,,,,,,,,,,,,,,,,,,,,,,,,,,,,,817.5,,,,,,,39.9,,,,,,,,,,,,,,,,,,,,,,,,,,,,,332.5,,,,,,,,221.7,,,,,,,,133.0,
,CML7,West Village Ruins,20AP,1,Free Quests- Part 1!A1031:J1039,118,1423,,,,,,,,,,,,,,,,,,,,,,,,,,,,,,,,,,,,,,,,,,42.2,,,,,,,,,,,,,,,,,,,,,,,,,43.7,,,,,,,485.7,,,,,,,211.6,,,,,,,,,,,,,,,90.0,,,,,,,,120.0,,,,,,,,,
,CML8,Atlas Institute,20AP,1,Free Quests- Part 1!A1043:J1054,119,1161,,,,,,,,,,,,,,,,,,,,,,,,98.9,245.8,,,,,,,,,,,,,,,,,,,,,,,,,,,,,,,121.3,,,127.8,,,,135.3,,,,,,,,,,,,,,,,,,,,,142.1,,,,,,,,,,,,,,,,280.0,,,140.0,,,,,,,,,,
,CML9,Main Gate,20AP,1,Free Quests- Part 1!A1058:J1067,120,51965,,,,,,,,,,,,,,,,,,,,,,,,,,,,66.4,,,,,,,,,,,,,,,,,,,,,,,,,,,191.8,377.4,190.9,,,,,,,,,,,,,,,,,,,,,,,,,,222.3,451.1,240.2,,,,,,,,,,,,,,,,,,,,,,,,,,,,
,CML10,Holy City,20AP,1,Free Quests- Part 1!A1071:J1085,121,31633,,,,167.0,,,,,,,,,,,,,,,,,72.8,,,,,,,,,,,,,,,,,,55.9,,,,,,,,,608.9,,,,,,220.7,,,,,,,,382.3,,199.7,,,,,,,,,,,,,,,,,,,24.7,,,,,,,,,,,,,,147.4,,,,,,,,,,412.9,,201.2,,,,
,CML11,Hidden Village,21AP,1,Free Quests- Part 1!A1089:J1100,122,125149,,,,,,,,130.3,,,,,,,,,,,,,,,,,,,,,,,,,,,,,,,,,,,69.1,,,,,,,,,,,,,,,,265.0,,,,,,,,210.2,429.2,,,,,,,,,,,,,,,,,,,29.7,,,,,,,,,,,,,,,,,315.8,328.4,,,,,,,,
,CML12,Royal Castle,21AP,1,Free Quests- Part 1!A1104:J1113,123,101574,,,,,,,,,,,,,,,,,,,,,,,,,,,,59.5,,,,,,,,,,,,,,131.0,,,,,,,,,,,,,86.0,,,,,,,,,,,,,,510.2,,,,,,,209.9,,,,,,,94.5,,,,,,,,,,,,,,,,106.1,,,,,,,,,,,,,,
,CML13,Land of the Void,22AP,1,Free Quests- Part 1!A1117:J1133,124,5686,,,,,,,,,,,,,,,,,,,,,,,,,,,49.3,,,,,,,,,,,,,,,,,,,,,,643.9,,350.4,,,,,,,491.1,,407.5,,,247.9,,143.8,,,,,,,,,,,,,,,,,,,,,,,,,,,471.1,,232.1,,,,,,,,485.3,,421.5,,,,372.5,,222.4,,,
,CML14,Great Temple,22AP,1,Free Quests- Part 1!A1137:J1148,125,43523,,,,,,,,,181.7,,,,,,,,,,,,,,,,,,,,,,,,,,,,,,,,,,52.1,,,,,,,,,361.2,,,,,,,,,,,,,,,468.0,146.8,,,,,,,,,,,,,,,,,,,15.9,,,,,,,,,,,,,,,,,184.8,108.7,,,,,,,,
BABYLONIA,BBL1,Fallen Babylon,20AP,1,Free Quests- Part 1!A1154:J1159,126,14026,,,,,,,,,,,,,,,,,,,40.4,,,,,,,,,,,,,,,,,,,,,,,,,,,,,,,,,,,,,,,,,,,,,,44.2,,,,,,,,,,,,,,,,,,,,,,,,,,,,,43.0,,,,,,,,,,,,,,,,,,,
,BBL2,Northern Hill,20AP,1,Free Quests- Part 1!A1163:J1172,127,14225,,,,,,,113.1,,,,,,,,,,,,80.2,,,,,,,,,,,,,,,,,,,,,,,,,,,,,,,,,,,,,,,,,249.4,,,,,83.1,,,,,,,,,,,,,,,,,,,,,,,1720.0,,,,,,72.7,,,,,,,,,,,,,,,,,,,
,BBL3,Black Cedar Forest,20AP,1,Free Quests- Part 1!A1176:J1185,128,1979,,,,,,,,,,151.7,,,,,,,,,58.6,,,,,,,,,,,,,,,,,,,,,,,,,,,,,,,,,,,,,,,227.8,,,,,,,58.8,,,,,,,,,,,,,,,,,,,,,547.4,,,,,,,,56.8,,,,,,,,,,,,,,,,,,,
,BBL4,Plateau,20AP,1,Free Quests- Part 1!A1189:J1199,129,13489,,,,,,,,,,,,,,,,,,,78.7,,,,,,,,,,,,,,,,,,,,,,,,,40.5,,,,,,,,,,,,,,,,,,,,97.2,78.9,,,,,,,,,,,,,,,,,,,,,,,,,,,,160.0,64.0,,,,,,,240.0,,,,,,,,,,,,
,BBL5,Bog,21AP,1,Free Quests- Part 1!A1203:J1212,130,1941,,,,,,,,,,,,,,,,,,,,,,84.1,,,,,,,,,,,,,,,,,,,,,,53.8,,,,,,,,,,,,126.4,,,,,,,,81.9,,,,,,,,,,,,,,,,,,,,,,,,,,,,150.5,,,,,,,,,64.5,,,,,,,,,,,,
,BBL6,Ur,21AP,1,Free Quests- Part 1!A1216:J1227,131,22829,115.8,,,,,,,,,,,,,,,,,,88.4,,,,,,,,,,,,,,,,,,,,,,,,,,,,,,,,,,,,240.8,,,,,231.0,91.3,,,,,,,,,,,,,,,,,,,,,,,,,,,,,,,,,,,,146.3,,128.5,,,,,163.2,,,,,,,,,
,BBL7,Eridu,21AP,1,Free Quests- Part 1!A1231:J1241,132,16632,,,,,,,,,,,,,,,,,,,,,,,,,,,,,,,,,,,,,,,,,33.4,,,,,,,,,,,,,,,,,106.8,,,,,,,54.9,,,,,,,,,,,,,,,,,,,,,,,,,,,,,129.1,,,,,,,,183.5,,,,,,,,127.5,,,
,BBL8,Observatory,21AP,1,Free Quests- Part 1!A1245:J1255,133,37766,,,,,,,,,,,,,,,,,,,,,,,,,,,,,52.5,,,,,,,,,,,,,,,,,,,,,,,,,,170.7,,,,,,,56.8,,,,,,,,,,,,,,,,,,,,,215.9,,,,,,,,133.8,,,,,,,,140.1,,,,,,,,,,,,,,
,BBL9,Field of Reeds,21AP,1,Free Quests- Part 1!A1259:J1265,134,24289,,,,,,,,,,,,,,,,,,,,,,,,,,,,,,,,,,,,,,,,,,,,33.7,,,,,,,,,,,,,,,,,,,,46.9,,,,,,,,,,,,,,,,,,,,,,,,,,,,,157.5,,,,,,,,69.1,,,,,,,,,,,,
,BBL10,Kutha,21AP,1,Free Quests- Part 1!A1269:J1280,135,14180,,,,,,,,,,,,,,,,,,,,52.2,,,,,,,,,,,,,,,,,,,,,,,,,,,,,,,,,,,,,,,,173.8,,,,,,,63.8,,,,,,,,,,,,,,,,,,,,,441.0,,,,,,,,2079.0,,,,,,,,173.3,,,,,,,,129.9,
,BBL11,Northern Wall,21AP,1,Free Quests- Part 1!A1284:J1294,136,6058,,,,,,,,,,165.6,,,,,,,,,,,,,,,,,,,,,,,,,,,,,,,,,,50.9,,,,,,,,,,,,,,271.9,,,,,,67.3,,,,,,,,,,,,,,,,,,,,,,405.1,,,,,,,136.2,,,,,,,,183.2,,,,,,,,,,,,
,BBL12,Nippur,21AP,1,Free Quests- Part 1!A1298:J1307,137,70296,,,173.7,,,,,,,,,,,,,,,,,,,,,,,,,,,,,,,,,,,,,,,,,69.9,,,,,,,656.9,,,,,,,,,,,,,84.6,,,,,,,,,,,,,,,,,,,,,,,,,,,,,141.0,,,,,,,,164.5,,,,,,,,,,,,
,BBL13,Mt. Ebih,21AP,1,Free Quests- Part 1!A1311:J1319,138,31195,,,,,,,,,,,179.9,,,,,,,,82.5,,,,,,,,,,,,,,,,,,,,,,,,,,,,,,,,,,,672.0,,,,,,,86.6,,,,,,,,,,,,,,,,,,,,,,,,,,,,581.0,,,,,,,,145.8,,,,,,,,,,,,,,,,
,BBL14,Blood Fort,21AP,1,Free Quests- Part 1!A1323:J1332,139,81494,,,,,,,,,,115.4,,,,,,,,,87.1,,,,,,,,,,,,,,,,,,,,,,,,,,,,,,,,,,,,,,,132.1,,,,,,,140.0,,,,,,,,,,,,,,,,,,,,,207.7,,,,,,,,115.2,,,,,,,,,,,,,,,,,,,
SHINJUKU,SJK1,Yoyogi 2-Chome,20AP,1,Free Quests- EoR!A7:J13,140,1156,,,,,,,,,,,,,,,,,,,,,,,,,,,,,,,,,,,,,,,,,,,,,49.4,,,,,,,,,,,,,,,,,,,,,67.4,,,,,,,,,,,,,,,,,,,,,,,,,,,,,102.5,,,,,,,,82.0,,,,,,,,,,
,SJK2,Route 20,20AP,1,Free Quests- EoR!A17:J26,141,43200,,,,,,,,,,,,,,,,,,,,,,,,,,,,,,,,,,,,,,,,,,66.0,,,50.1,,,,,,,,,,,186.9,,,,,,,126.7,,,,,,,,,,,,,,,,,,,,,,,,,,,,,100.0,,,,,,,,100.0,,,,,,,,,,,,,
,SJK3,Shinjuku Station,21AP,1,Free Quests- EoR!A30:J38,142,63612,,,,,,,,,,,,,,,,,,,,,,,,,,,,,,,,,,,,,,,,,,,,,32.1,,,,,,,,,,,83.3,,,,,,,103.0,,,,,,,,,,,,,,,,,,,,,,,,,,,,,118.8,,,,,,,,98.6,,,,,,,,,,,,,
,SJK4,Shinjuku 4-Chome,21AP,1,Free Quests- EoR!A42:J52,143,50704,115.7,,,,,,,,,,,,,,,,,,,,,,,,,,,,,,,,,,,,,,,,,,,,51.7,,,,,,,,,413.0,,,,,,,,,,,,85.0,,,,,,,,,,,,,,,,,,,,,,,455.7,,,,,,151.9,,,,,,,,192.5,,,,,,,,,,
,SJK5,Kabukicho,21AP,1,Free Quests- EoR!A56:J63,144,8531,,,,,,,,,,,,,,,,,,,,,,,,67.3,,,,,,,,,,,,,,,,,,69.2,,,,,,,,,,,,,,,,,,58.0,,,,,,,,,,,,,,,,,,,,,,,,,,,,,,,,,,,,67.0,117.3,,,,,,,,,,,,,,,,
,SJK6,Barrel Tower,21AP,1,Free Quests- EoR!A67:J72,145,15507,,,,,,,,,,,,,,,,,,,,,,,,45.5,,,,,,,,,,,,,,,,,,,,,,,,,,,,,,,,,,,,45.5,,,,,,,,,,,,,,,,,,,,,,,,,,,,,,,,,,,,43.4,,,,,,,,,,,,,,,,,
,SJK7,Party Hall,21AP,1,Free Quests- EoR!A76:J87,146,2858,,,,,,,,,,,,,,,,,,,,,,,,107.3,,,,,,,,,,,,,,,,,,73.9,,,72.9,,,,,,,,,,,194.3,,,,141.2,,,142.2,,,,,,,,,,,,,,,,,,,,,,,,,,,,,77.5,,,,43.8,,,,,,,,,,,,,,,,,
,SJK8,Tower - Top Floor,21AP,1,Free Quests- EoR!A91:J99,147,14109,,,,180.0,,,,,,,,,,,,,,,,,,,,101.8,,,,,,,,,,,,,,,,,,,,,,,,501.1,,,,,,,,,,,,79.2,,,,,,,,,,,,,,,,,,,,,,,436.1,,,,,,,,,,,,,81.3,,,,,,,,,,,,,,,,,
,SJK9,Shinjuku Gyoen,21AP,1,Free Quests- EoR!A103:J112,148,62147,,175.3,,,,,,,,,,,,,,,,,,,,,,,,,,,,,,,,,,,,,,,,,,,69.4,,,,,,,470.6,,,,,,,,,,,,,,54.1,,,,,,,,,,,,,,,,,,,,,419.0,,,,,,,,214.8,,,,,,,,151.2,,,,,,,,,,
,SJK10,Shinjuku 2-chome,21AP,1,Free Quests- EoR!A116:J130,149,72297,,,,,,115.8,,,,,,,,,,,,,,,,,,,69.5,,,,,,,,,,,,,,,,,,,,,,,,,,,636.4,,,,255.9,,,107.3,,,,,,,250.3,,,,,,,,,,,,,,,,,,483.5,,,,,,,,,,,288.9,,,,,,,,106.2,,,,,,,,465.9,,
AGARTHA,AGT1,Underground Plains,20AP,1,Free Quests- EoR!A136:J145,150,26982,97.7,,,,,,,,,,,,,,,,,,,,,,,,,,,,,,,,,,,,,,,,50.2,,,,,,,,,,,,,391.8,,,,,,,,,,,67.6,,,,,,,,,,,,,,,,,,,,,,,,394.3,,,,,,,,,,,,,,,,,,,,,68.5,,,
,AGT2,Camping Ground,20AP,1,Free Quests- EoR!A149:J161,151,2464,,,,,93.3,,,,,,,,,,,,,,117.8,,,,134.6,,,,,,,,,,,,,,,,,,,,,,,,,,,,,,,,,,112.3,,,,,,,48.4,,,,,,,,,,,,,,,,,,,,,356.2,,,,,,,,,,,,,,,,172.2,,,,,,,,96.9,,,,
,AGT3,Riverside Town,20AP,1,Free Quests- EoR!A165:J177,152,20803,,,,,,,,,,,,,,,,,,,50.6,,,,97.5,,,,,,,,,,,,,,,,,,,,,,,,,584.9,,,,,,,134.6,,,,,,,51.1,,,,,,,,,,,,,,,,,,,,,,,,,,,,,378.2,,,,,,,,104.0,,,,,,,,80.0,,,,,,
,AGT4,Peach Blossom Shangri-La,21AP,1,Free Quests- EoR!A181:J192,153,20526,,,,,,,,,,,,,,,,,,,,,52.1,,,,,,,,,,,,,,,,,,,,,,,,,,,,,,,,,561.8,,,,,,,225.6,,,,,,,67.7,,,,,,,,,,,,,,,,,,,,,,,,,,,,,366.8,,,,,,,,157.2,,,,,,,,122.3
,AGT5,Ys,21AP,1,Free Quests- EoR!A196:J203,154,5808,,,,,,,,,,,,,,,,,,,,,,,,,,,,,,,,,,,,,,,56.4,,,67.5,,,,,,,,,,,,,,,,,,,,,,,54.9,,,,,,,,,,,,,,,,,,,,,,,,,,,,,122.5,,,,,,,,50.7,,,,,,,,,,,
,AGT6,Northern Cliffs,21AP,1,Free Quests- EoR!A207:J214,155,2295,,,,,,,102.0,,,,,,,,,,,,,,,,,,,,,,,,,,,,,,,,,,,,53.2,,,,,,,,,,,,,,,,,67.9,,,,,,,,,,,,,,,,,,,,,,,,,,,,,,,,,,,,57.2,,,,,,,,,,,,,,,,,
,AGT7,Nightless City,21AP,1,Free Quests- EoR!A218:J224,156,9203,,,,,,,,,,,,,,,,,,,,,,,,,,,,,,,,,,,,,,,,,,70.2,53.7,,,,,,,,,,,,,,,,,59.7,,,,,,,,,,,,,,,,,,,,,,,,,,,,,,,,,,,,39.0,,,,,,,,,,,,,,,,,
,AGT8,Foothills Jungle,21AP,1,Free Quests- EoR!A228:J245,157,23183,,,,,,,,,,,,,,,,,,,137.2,,,,146.9,,,,,,,,,,,,,,,,,,42.5,,,,,,,,,,,,,,,214.1,,397.7,,,,,132.0,,83.7,,,,,,,,,,,,,,,,,,,,,,,,,,,,,287.0,,,,,,215.3,,430.5,,,,,,123.0,,143.5,,,
,AGT9,Palace of Dragon King,21AP,1,Free Quests- EoR!A249:J257,158,5216,,,,,,,,,,,,166.7,,,,,,,,,,,,,,,,,,,,,,,,,,,73.4,,,,,,,,,,476.9,,,,,,,,,,,,,,,,72.7,,,,,,,,,,,,,,,,,,,399.6,,,,,,,,,,,,,,,,,,73.7,,,,,,,,,,,
,AGT10,Great Underground River,21AP,1,Free Quests- EoR!A261:J273,159,55848,,,,,,,,,,,,,,,,,,,82.9,,,,69.5,,,,,,,,,,,,,,,,,,,,,,,,,,,657.0,,,,,,,143.6,,,,,,53.4,,,,,,,,,,,,,,,,,,,,,,,,,,,,,,471.3,,,,,,,,176.8,,,,,,,88.4,,,,,
,AGT11,El Dorado,21AP,1,Free Quests- EoR!A277:J284,160,3760,,,,,,,,,,,,,,,,,,,61.1,,,,,,,,,,,,,,,,,,,,,,,68.2,,,,,,,,,,,,,,,,,,,,39.9,,,,,,,,,,,,,,,,,,,,,,,,,,,,,,,,,,,96.6,,,,,,,,,,64.4,,,,,,
,AGT12,Chasm in the Earth,21AP,1,Free Quests- EoR!A288:J298,161,1700,,,,,,,,,,,,,,,,,,,,,,53.3,,,,,,,,,,,,,,,,,,,,,,,,,,,,,,649.8,,,,,,,43.3,,,,,,,,,,,,,,,,,,,,,,,,,,,,267.0,,,,,,,,72.6,,,,,,,,49.8,,,,,,,,,,
SHIMOSA,SMS1,Rice Field,20AP,1,Free Quests- EoR!A304:J314,162,49669,,,,,,,,,,,,,,,,,,,50.3,77.8,,,,,,,,,,,,,,,,,,,,,,,,,,,,,,,,,,,,,,,,,,,,80.0,,,62.3,,,,,,,,,,,,,,,,,,,,,,,,,,330.0,,,110.0,,,,,82.5,,,,,,,,,,,,
,SMS2,Village,21AP,1,Free Quests- EoR!A318:J329,163,26525,,,,,,,,,,,,,,,,,,,59.7,,,,,,,,,,,82.7,,,,,,,,,,,,69.3,,,,,,,,,,,,,119.4,,,,,,,,,88.1,,,,,,,,,,,,,,,,,,,159.2,,,,,,,,,,76.1,,,,,,,,64.1,,,,,,,,,,,,
,SMS3,Monastery,21AP,1,Free Quests- EoR!A333:J342,164,10342,,,,,,,,,,,,,,,,,,,,83.4,,,,,,,,,,83.4,,,,,,,,,,,,,,,,,,,,,,,,,101.0,,,,,,,,,,,,51.8,,,,,,,,,,,,,,,,93.7,,,,,,,,,,,,,117.0,,,,,,,,,,,,,,,,,
,SMS4,Castle Town,21AP,1,Free Quests- EoR!A346:J351,165,14645,,,,,,,,,,,,,,,,,,,,,,,,,,,,,,52.0,,,,,,,,,,,,,,,,,,,,,,,,,52.2,,,,,,,,,,,,,,,,,,,,,,,,,,,,54.8,,,,,,,,,,,,,,,,,,,,,,,,,,,,,,
,SMS5,Battlefield,21AP,1,Free Quests- EoR!A355:J366,166,110709,,,,,,,,,,,,,,,,,,,,,,,,,,,,,,83.3,,,,,,,,,,52.6,,68.4,,,,,,,,,,,,,136.4,,,,,,,85.7,,,,,,,,,,,,,,,,,,,,,155.4,,,,,,,,89.3,100.5,,,,,,,,,,,,,,,,,,,,,
,SMS6,Toke Castle,21AP,1,Free Quests- EoR!A370:J380,167,2773,,,,,,,,,,,,221.3,,,,,,,,,,,,,,,,,,78.8,,,,,,,,,,,,72.2,,,,,,,,512.4,,,,,93.9,,,,,,,,,,,,,,,,,,,,,,,,,,,,85.7,,497.3,,,,,,,,,,,77.0,,,,,,,,,,,,,,,,,
,SMS7,Rear Mountain (Nameless Sacred Mountain),21AP,1,Free Quests- EoR!A384:J395,168,15434,,,,,,,,,,,,,,,,,,,,,86.1,,,,,,,,,87.1,,,,,,,,,,,,70.3,,,,,,,,,,,,,86.4,,,,,,262.9,,,,,,,,,,,,,,,,,,,,,,89.0,,,,,,756.0,,,,,,,,94.5,,,,,,,,,,,,,,,,
,SMS8,Arakawa Field,21AP,1,Free Quests- EoR!A399:J409,169,29395,,,,,,,,,,,170.9,,,,,,,,,,,,,,,,,,,105.5,,,,,,,,,,,,70.1,,,,,,,,,,,,680.4,83.9,,,,,,,,,,,,,,,,,,,,,,,,,,,,88.3,,,,,,315.0,,,,,135.0,,,,,,,,,,,,,,,,,,,
,SMS9,Rear Mountain (Trembling in Fear),21AP,0,Free Quests- EoR!A413:J421,170,Closed,Closed,Closed,Closed,Closed,Closed,Closed,Closed,Closed,Closed,Closed,Closed,Closed,Closed,Closed,Closed,Closed,Closed,Closed,Closed,Closed,Closed,Closed,Closed,Closed,Closed,Closed,Closed,Closed,Closed,Closed,Closed,Closed,Closed,Closed,Closed,Closed,Closed,Closed,Closed,Closed,Closed,Closed,Closed,Closed,Closed,Closed,Closed,Closed,Closed,Closed,Closed,Closed,Closed,Closed,Closed,Closed,Closed,Closed,Closed,Closed,Closed,Closed,Closed,Closed,Closed,Closed,Closed,Closed,Closed,Closed,Closed,Closed,Closed,Closed,Closed,Closed,Closed,Closed,Closed,Closed,Closed,Closed,Closed,Closed,Closed,Closed,Closed,Closed,Closed,Closed,Closed,Closed,Closed,Closed,Closed,Closed,Closed,Closed,Closed,Closed,Closed,Closed,Closed,Closed,Closed,Closed,Closed,Closed,Closed,Closed,Closed,Closed,Closed
SALEM,SLM1,Quiet Forest,20AP,1,Free Quests- EoR!A427:J432,171,100,,,,,,,,,,,,,,,,,,,41.3,,,,,,,,,,,,,,,,,,,,,,,,,,,,,,,,,,,,,,,,,,,,,,43.7,,,,,,,,,,,,,,,,,,,,,,,,,,,,,,,,,,,,,37.8,,,,,,,,,,,
,SLM2,Carter Residence,20AP,1,Free Quests- EoR!A436:J444,172,2547,,162.6,,,,,,,,,,,,,,,,,,,,,,,,,,,,,,,,,,,,,,,,,,,,50.0,,,,,,455.6,,,,,,,,80.4,,,,,,,,,,,,,,,,,,,,,,,,,,,361.4,81.0,,,,,,,,,,,,,,,,,,,,,,,,,
,SLM3,Town Hall,21AP,1,Free Quests- EoR!A448:J453,173,4465,,,,,,,,,,,,,,,,,,,,,,,59.4,,,,,,,,,,,,,,,,,,,,,,,,,,,,,,,,,,,,60.0,,,,,,,,,,,,,,,,,,,,,,,,,,,,57.5,,,,,,,,,,,,,,,,,,,,,,,,,,
,SLM4,Wharf,21AP,1,Free Quests- EoR!A457:J466,174,52,,,,,,,,,,,,,,,,,,,,,,,104.5,,,,,,,,,,,,,,,,,,,,52.6,,,,,,,,,,,,,,,,103.4,,,,,,,,84.7,,,,,,,,,,,,,,,,,,,,85.8,,,,,,,,,,,,,,,,,85.8,,,,,,,,,
,SLM5,Whateley Residence,21AP,1,Free Quests- EoR!A470:J478,175,81,,,,,,,,,,,,,,,,,,,,,,,,,,52.7,,,,,,,,,,,,,,,,,,,,,,,,,,,,,,,109.0,,,,,,,56.3,,,,,,,,,,,,,,,,,,,,,144.2,,,,,,,,,,,,,,,,98.7,,,,,,,,,,,,
,SLM6,Isolated Mansion,21AP,1,Free Quests- EoR!A482:J493,176,100,,,,,,,,,,,,,,,,,,,,,,,,,,,,,,,,,,,,,,,,,,,51.4,,,51.6,,,,,,,,,,,,,,,,,,,,,83.7,93.4,,,,,,,,,,,,,,,,,,,,,,,,,,,,,441.0,,,,,,,71.6,352.8,,,,,,,,
,SLM7,Gallows Hill,21AP,1,Free Quests- EoR!A497:J506,177,6526,,,,,,,,,,,,,,,,,,,,,,,,,,,,,,,,,,,,,,,,,,,,,,31.1,,,,,,,,,,,,,,137.6,,,,,,,,58.7,,,,,,,,,,,,,,,,,,,,141.4,,,,,,,,,299.6,,,,,,,,93.1,,,,,,,,
,SLM8,Meadow,21AP,1,Free Quests- EoR!A510:J520,178,51,,,,,,,,,,,,,,,,,,,59.9,,,,,,,,,,,,,,,,,,,,,,,,,,,52.4,,,,,,,,,,,,,,,,,,,84.6,,,90.2,,,,,,,,,,,,,,,,,,,,,,,,,,,,,201.6,,,,,59.3,,,168.0,,,,,,,,
,SLM9,Empty House,21AP,1,Free Quests- EoR!A524:J533,179,2830,,,,,,,,,,,,,,,,,,,,,,,101.8,,,,,,,,,,,,,,,,,,,,,,,52.0,,,,,,,,,,,,,139.5,,,,,,,,,86.9,,,,,,,,,,,,,,,,,,,141.4,,,,,,,,,,,,,,,,,,78.3,,,,,,,,
,SLM10,Hideout,21AP,1,Free Quests- EoR!A537:J546,180,53,,,,,,,,,,,,,,,,,,,46.7,,,,140.0,,,,,,,,,,,,,,,,,,,,,,,,,,,,,,,,,,,,138.0,,,,,,85.0,,,,,,,,,,,,,,,,,,,,,,116.7,,,,,,,,,,,,,,,95.5,,,,,,,,,,,
,SLM11,Jail,21AP,1,Free Quests- EoR!A550:J559,181,102,,,,,,,,100.9,,,,,,,,,,,,,,,,,,,,,,,,,,,,,,,,,52.3,,,,,,,,,,,,,,,,,,277.2,,,51.7,,,,,,,,,,,,,,,,,,,,,,,,,945.0,,,,,,,,,,,,47.3,,,,,,,,,,,,,,
ANASTASIA,ANA1,Anchor Point,20AP,1,Free Quests- Part 2!A7:J16,182,39,,,,,98.8,,,,,,,,,,,,,,,,,,,,,,,,,,,,,,,,,,,,,,,48.5,,,,,,,,,,,,,270.4,,,,,,,54.3,,,,,,,,,,,,,,,,,,,,,353.3,,,,,,,,,,,,,,,,66.0,,,,,,,,,,,,
,ANA2,Yaga Smolensk,20AP,1,Free Quests- Part 2!A20:J28,183,6324,,,,,,,,,,,,,,,,,,,,,,,,,,,,,,,,,,,,,,,,,,,,,,,30.5,,,,,,,,,,,,,,,81.8,,,,,99.4,,,,,,,,,,,,,,,,,,,,,,,,348.3,,,,,,,,103.4,,,,,97.2,,,,,,,,,
,ANA3,Icy Cavern,20AP,1,Free Quests- Part 2!A32:J41,184,238,,,,,,,,,,,,,,,,,,,,,,,,,,,,,79.4,,,,,,,,,,,,,,,49.5,,,,,,,,,,,,,,,,,,,,79.9,,,,99.6,,,,,,,,,,,,,,,,,,,,,,,,,306.7,,,,,,,,153.3,,,,83.6,,,,,,,,
,ANA4,Rebel Stronghold,21AP,1,Free Quests- Part 2!A45:J54,185,38,,,,,96.1,,,,,,,,,,,,,,,,,,,,,,,,,,,,,,,,,,,,,,,,,,50.6,,,,,,,,,,258.2,,,,,56.6,,,,,,,,,,,,,,,,,,,,,,,521.4,,,,,,,,,,,,,,67.2,,,,,,,,,,,,,,
,ANA5,Yaga Sychyovka,21AP,1,Free Quests- Part 2!A58:J67,186,190,,,,,,,,,,,,,,,,,,,84.8,,,,,,,,,,,,,,,,,,,,,,,,,,,,50.7,,,,,,,,,,,,,,103.0,,83.6,,,,,,,,,,,,,,,,,,,,,,,,,,,,,399.0,,,,,,,,133.0,,,,,88.7,,,,,,,,
,ANA6,Burned Village,21AP,1,Free Quests- Part 2!A71:J80,187,2995,,,,,,,,,,,,,,,,,,,,,,,,,,,,,84.4,,,,,,,,,,,,,,,,,,51.9,,,,,,,,,,,,,,,84.1,,,,,,104.5,,,,,,,,,,,,,,,,,,,,,,,306.0,,,,,,,,109.8,,,,,,129.8,,,,,,,,
,ANA7,Yaga Vyazma,21AP,1,Free Quests- Part 2!A84:J93,188,72,,,,,,,,,,,,,,,,,,,,,,,,,,,,,,,,,,,,,,,,,,,,51.9,,,52.6,,,,,,,,,,,,,,,,,110.5,,,88.2,,,,,,,,,,,,,,,,,,,,,,,,,,,,,252.0,,,,,168.0,,,126.0,,,,,,,,,
,ANA8,Yaga Demensk,21AP,1,Free Quests- Part 2!A97:J106,189,34,,,,,100.1,,,,,,,,,,,,,,,,,,,,,,,,,,81.2,,,,,,,,,,,,,,,,,,,,,,,,,,256.4,,,52.5,,,,,,,,,,,,,,,,,,,,,,,,,651.3,,,,,,,,,,,40.5,,,,,,,,,,,,,,,,,
,ANA9,Yaga Tula,21AP,1,Free Quests- Part 2!A110:J120,190,450,,,,,,,,,,,,,,,,,,,,,,,,,,,,,,,104.0,,,,,,,,,,,70.9,,,,,69.5,,,,,,,,,,,,,84.3,,,139.3,,,,,,,,,,,,,,,,,,,,,,,,,,,,,,,,,72.3,,,,139.5,,,,,,,,,,,,,
,ANA10,Crushed Village,21AP,1,Free Quests- Part 2!A124:J133,191,1110,,,,,,,,,,,,,,,,,,,,,,,,,,,,,85.8,,83.1,,,,,,,,,,,,,,,,,,,,,,,,,,,,,84.4,,,,,,,,103.2,,,,,,,,,,,,,,,,,,,,,,,,,,,,81.6,,,,,,,,,125.6,,,,,,,,
,ANA11,Yaga Moscow,21AP,1,Free Quests- Part 2!A137:J142,192,2765,,,,,,,,,,,,,,,,,,,,,,,,,,,,,,,46.4,,,,,,,,,,,,,,,,,,,,,,,,,,,,,45.2,,,,,,,,,,,,,,,,,,,,,,,,,,,,,,,,,,,,47.1,,,,,,,,,,,,,,,,,
,ANA12,Strath Stronghold,21AP,1,Free Quests- Part 2!A146:J156,193,33,,,,,,,,,,,,208.0,,,,,,,,,,,,,,,,,,,,,,,,,,,,,,71.2,,,,,73.6,,,,,,512.4,,,,,,,,,,,,,,71.4,,,,,,,,,,,,,,,,,,,,,567.0,,,,,,,,,81.0,,,,,,,51.5,,,,,,,,,
,ANA13,Base of the Great Tree,21AP,1,Free Quests- Part 2!A160:J171,194,36,,,,,,,,,,,,,,,,,,,,,,,,,,,,,,,105.1,,,,,,,,,,,70.0,,71.4,,,,,,,,,,,,,,,,107.8,,,,99.5,,,,,,,,,,,,,,,,,,,,,,,,,,,,,,,78.8,105.0,,,,,90.0,,,,,,,,,,,,
,ANA14,Yaga Ryazan,21AP,1,Free Quests- Part 2!A175:J184,195,164,102.0,,,,,,,,,,,,,,,,,,,,,,,,,,,,,,84.2,,,,,,,,,,,,,,,,,,,,,,,658.1,,,,,,59.6,,,,,,,,,,,,,,,,,,,,,,,,,,,,,714.0,,,,,,,102.0,,,,,,,,,,,,,,,,,
GÖTTERDÄMMERUNG,GTT1,Landing Point,20AP,1,Free Quests- Part 2!A190:J202,196,52,,,,,,,,,,165.3,,,,,,,,,77.2,,,,,,,,,,,,,,,,,,,,,,,64.8,,,,,,,,,,,,,,,,,,242.8,,,,,,,41.8,,,,,,,,,,,,,,,,,,,,,440.0,,,146.7,,,,,125.7,,,,,,,,,,,,,,,,,
,GTT2,Thin Ice Hill,20AP,1,Free Quests- Part 2!A206:J214,197,50,,,,,,,,,,,,,,,,,,,78.3,,,,,,,,,,,,,79.6,,,,,,,,,,,,,,,,,,,,,,,,,,,,,81.8,,,,,,64.7,,,,,,,,,,,,,,,,,,,,,,,,,,,,,136.7,,,,,,,,,102.5,,,,,,,,
,GTT3,Giant's Flower Garden,20AP,1,Free Quests- Part 2!A218:J225,198,1315,,,,,,,,,,,,,,,,,,,,,,,,,,,,,,,,49.2,,,,,,,,,,,,,,,,,,,,,,,,,,,,,45.5,,,,,,,,,,,,,,,,,,,,,,,,,,,,,,,,,,,,114.1,,,,,,,,124.1,,,,,,,,
,GTT4,Village 23,21AP,1,Free Quests- Part 2!A229:J238,199,230,,,,,,,,,,,,,,,,,,,82.3,,,,,,,,,,,,,,87.1,,,,,,,,,,,,,,,,,,,,,,,,,85.0,,,,,,,,,68.9,,,,,,,,,,,,,,,,,,,,,,,,,,,85.2,,98.3,,,,,,,,,,,,,,,,,
,GTT5,Hero's Lair,21AP,1,Free Quests- Part 2!A242:J251,200,49,,,,,,,,,,,,,,,,,,,,,84.6,,,,,,,,,,,82.2,,,,,,,,,,,,,,,,,,,,,,429.9,,,,,,,67.3,,,,,,,,,,,,,,,,,,,,,,,,,,,,,,,,,,,,140.0,,,,,,,,105.0,,,,,,,,
,GTT6,Castle of Snow and Ice,21AP,1,Free Quests- Part 2!A255:J260,201,4174,,,,,,,,,,,,,,,,,,,,,,,,,,,,,,,,,53.7,,,,,,,,,,,,,,,,,,,,,,,,,45.8,,,,,,,,,,,,,,,,,,,,,,,,,,,,,,,,,,,,46.6,,,,,,,,,,,,,,,,,,,
,GTT7,Road to the End,21AP,1,Free Quests- Part 2!A264:J273,202,52,,,,,,,,,,118.7,,,,,,,,,,,,,,,,,,,,,,84.7,,,,,,,,,,,,,,,,,,,,,,,,,,,,250.4,51.9,,,,,,,,,,,,,,,,,,,,,,,,,,,225.8,,,,,,,,,90.3,,,,,,,,,,,,,,,,
,GTT8,Flaming Mansion,21AP,1,Free Quests- Part 2!A277:J286,203,2851,,,,,,,,,,,,,,,,,,,,,,,,,,,,,,,,81.5,85.0,,,,,,,,,,,,,,,,,,,,,,,,,82.9,,,105.6,,,,,,,,,,,,,,,,,,,,,,,,,,,,110.2,,,,,75.0,,,,,,,,,,,,,,,,,,,
,GTT9,Village 67,21AP,1,Free Quests- Part 2!A290:J299,204,55,,,,,,,,,,114.0,,,,,,,,,,,,,,,,,,,,,,,82.6,,,,,,,,,,,,,,,,,,,,,,,,,62.3,,286.9,,,,,,,,,,,,,,,,,,,,,,,,,,,,,,,,,,74.3,,,,,,,,,,,,,,,,,,,
,GTT10,North Boundary,21AP,1,Free Quests- Part 2!A303:J312,205,54,,,,,,,,,,,,,,,,,,,,,,,,,,,,,,,,83.4,,,,,,,,,,69.5,,,,,,,,,,,,,,,,,,,51.2,,,,,,,,,,,,,,,,,,,,,,,,,,,,118.1,,,,105.0,,,,135.0,,,,,,,,,,,,,,,,
,GTT11,Forgotten Shrine,21AP,1,Free Quests- Part 2!A316:J324,206,59,,,,184.5,,,,,,,,,,,,,,,,,,,,,,,,,,,,,87.9,,,,,,,,,,,,,,,525.8,,,,,,,,,,52.0,,,,,,,,,,,,,,,,,,,,,,,,,470.2,,,,,,,,,,,43.8,,,,,,,,,,,,,,,,,,,
SIN,SIN1,Seeding Point,20AP,1,Free Quests- Part 2!A330:J340,207,42,,,,,,,,,,,,,,,,,,,,,,,,66.4,,,,,,,,,,,,,,,,,,,,50.8,,,,,,,,,,,,,,,,,,,,79.5,102.2,,,,,,,,,,,,,,,,,,,,,,,,,,,,60.0,220.0,,,,,,,94.3,660.0,,,,,,,,,,,
,SIN2,Neighboring Village,20AP,1,Free Quests- Part 2!A344:J354,208,45,,,,,,,,,,,,,,,,,,,,,,,,,,,,,,,,77.9,,,,,,,,,,,,49.4,,,,,,,,,,,,,,,,,143.2,,,78.3,,,,,,,,,,,,,,,,,,,,,,,,,,,,,102.9,,,,,,,,102.9,,,,80.0,,,,,,,,
,SIN3,Icy Cave,20AP,1,Free Quests- Part 2!A358:J367,209,55,,,,,,,,,,,,196.6,,,,,,,60.1,,,,,,,,,,,,,,,,,,,,,,,,,,,,,,,,,,553.4,,,,,,,,,,,,,,54.0,,,,,,,,,,,,,,,,,,,,,920.0,,,,,,,,38.3,,,,,,,,,,,,,,,,,
,SIN4,Akuta's Camp,21AP,1,Free Quests- Part 2!A371:J382,210,40,,,,,,,,,,,,,,,,,,,,,,,,102.5,,,,,,,,112.7,,,,,,,,,,70.7,,,,,,,,,,,,,,,,,,,134.7,,,,81.6,,,,,,,,,,,,,,,,,,,,,,,,,,168.0,,,,,,84.0,,,,,84.0,,,,,,,,,,,
,SIN5,Jingyang Field,21AP,1,Free Quests- Part 2!A386:J397,211,45,,,,,,,,,,,,,133.5,,,,,,,,,,,,,,,,,,,101.3,,,,,,,,,,65.5,,,,,,,,,,,,,,207.9,,,,,206.3,,,,,,,,,,,,,,,,,,,,,,,,,,,,,,,252.0,,,,,126.0,,,,,,,,252.0,,,,,,,,
,SIN6,Shanyang Hill,21AP,1,Free Quests- Part 2!A401:J413,212,49,,,,,,,,,,,,,137.6,,,,,,,,,,,,,,,,,,,,,,,,,,,,,71.9,,69.6,,,,,,,,,,,,171.9,,,,,,,,82.6,,,,,,,,,,,,,,,,,,,,,,,,,,,,155.4,111.0,111.0,,,,,,,102.0,,,,,,,,,,,,
,SIN7,Prison Camp,21AP,1,Free Quests- Part 2!A417:J426,213,4712,,,,,,,,,,,,,104.2,,,,,,,,,,,,,,,,,,,,,83.1,,,,,,,,,,,,,,,,,,,,,,141.3,,,,104.5,,,,,,,,,,,,,,,,,,,,,,,,,,,,,,,,127.4,,,,103.6,,,,,,,,,,,,,,,,,
,SIN8,Shiquan Canyon,21AP,1,Free Quests- Part 2!A430:J439,214,36,,,,,,,,,,,,,105.1,,,,,,,,,,,69.7,,,,,,,,,,,,,,,,,,,,,,,,,,,,,,,,107.4,,,,,,,,,81.9,,,,,,,,,,,,,,,,,,,,,,,,,,,65.3,,,,,,,,,,84.0,,,,,,,,,,,
,SIN9,Daping Yu,21AP,1,Free Quests- Part 2!A443:J452,215,111,,,,,,,,,,,,,,,,,,,,,,,,73.1,,,,,,,,,,82.6,,,,,,,,,,,,,,,,,,,,,,,,,,103.4,,,,,82.3,,,,,,,,,,,,,,,,,,,,,,,,,,,,,,,121.8,,,,,,55.4,,,,,,,,,,,
,SIN10,Xianyang,21AP,1,Free Quests- Part 2!A456:J467,216,43,,,,,,,,,,,,,131.9,,,,,,,,,,,,,,,,,,,,,105.5,,,,,,,,70.6,,,,,,,,,,,,,,137.4,,,,88.1,,,,,,,,,,,,,,,,,,,,,,,,,,,,,,,,173.3,231.0,,,86.6,,,,,,,,,,,,,,,,,
,SIN11,Ba Men Cave,21AP,1,Free Quests- Part 2!A471:J476,217,1450,,,,,,,,,,,,,,,,,,,,,,,,,,,,,,,,,,53.5,,,,,,,,,,,,,,,,,,,,,,,,,,46.6,,,,,,,,,,,,,,,,,,,,,,,,,,,,,,,,,,,,45.1,,,,,,,,,,,,,,,,,
YUGA KSHETRA,YKS1,Initiate Point,20AP,0,Free Quests- Part 2!A482:J490,218,Closed,Closed,Closed,Closed,Closed,Closed,Closed,Closed,Closed,Closed,Closed,Closed,Closed,Closed,Closed,Closed,Closed,Closed,Closed,Closed,Closed,Closed,Closed,Closed,Closed,Closed,Closed,Closed,Closed,Closed,Closed,Closed,Closed,Closed,Closed,Closed,Closed,Closed,Closed,Closed,Closed,Closed,Closed,Closed,Closed,Closed,Closed,Closed,Closed,Closed,Closed,Closed,Closed,Closed,Closed,Closed,Closed,Closed,Closed,Closed,Closed,Closed,Closed,Closed,Closed,Closed,Closed,Closed,Closed,Closed,Closed,Closed,Closed,Closed,Closed,Closed,Closed,Closed,Closed,Closed,Closed,Closed,Closed,Closed,Closed,Closed,Closed,Closed,Closed,Closed,Closed,Closed,Closed,Closed,Closed,Closed,Closed,Closed,Closed,Closed,Closed,Closed,Closed,Closed,Closed,Closed,Closed,Closed,Closed,Closed,Closed,Closed,Closed,Closed
,YKS2,Bich,20AP,0,Free Quests- Part 2!A494:J504,219,Closed,Closed,Closed,Closed,Closed,Closed,Closed,Closed,Closed,Closed,Closed,Closed,Closed,Closed,Closed,Closed,Closed,Closed,Closed,Closed,Closed,Closed,Closed,Closed,Closed,Closed,Closed,Closed,Closed,Closed,Closed,Closed,Closed,Closed,Closed,Closed,Closed,Closed,Closed,Closed,Closed,Closed,Closed,Closed,Closed,Closed,Closed,Closed,Closed,Closed,Closed,Closed,Closed,Closed,Closed,Closed,Closed,Closed,Closed,Closed,Closed,Closed,Closed,Closed,Closed,Closed,Closed,Closed,Closed,Closed,Closed,Closed,Closed,Closed,Closed,Closed,Closed,Closed,Closed,Closed,Closed,Closed,Closed,Closed,Closed,Closed,Closed,Closed,Closed,Closed,Closed,Closed,Closed,Closed,Closed,Closed,Closed,Closed,Closed,Closed,Closed,Closed,Closed,Closed,Closed,Closed,Closed,Closed,Closed,Closed,Closed,Closed,Closed,Closed
,YKS3,Secluded Grotto,21AP,0,Free Quests- Part 2!A508:J516,220,Closed,Closed,Closed,Closed,Closed,Closed,Closed,Closed,Closed,Closed,Closed,Closed,Closed,Closed,Closed,Closed,Closed,Closed,Closed,Closed,Closed,Closed,Closed,Closed,Closed,Closed,Closed,Closed,Closed,Closed,Closed,Closed,Closed,Closed,Closed,Closed,Closed,Closed,Closed,Closed,Closed,Closed,Closed,Closed,Closed,Closed,Closed,Closed,Closed,Closed,Closed,Closed,Closed,Closed,Closed,Closed,Closed,Closed,Closed,Closed,Closed,Closed,Closed,Closed,Closed,Closed,Closed,Closed,Closed,Closed,Closed,Closed,Closed,Closed,Closed,Closed,Closed,Closed,Closed,Closed,Closed,Closed,Closed,Closed,Closed,Closed,Closed,Closed,Closed,Closed,Closed,Closed,Closed,Closed,Closed,Closed,Closed,Closed,Closed,Closed,Closed,Closed,Closed,Closed,Closed,Closed,Closed,Closed,Closed,Closed,Closed,Closed,Closed,Closed
,YKS4,Northern Sacred Mountain,21AP,0,Free Quests- Part 2!A520:J530,221,Closed,Closed,Closed,Closed,Closed,Closed,Closed,Closed,Closed,Closed,Closed,Closed,Closed,Closed,Closed,Closed,Closed,Closed,Closed,Closed,Closed,Closed,Closed,Closed,Closed,Closed,Closed,Closed,Closed,Closed,Closed,Closed,Closed,Closed,Closed,Closed,Closed,Closed,Closed,Closed,Closed,Closed,Closed,Closed,Closed,Closed,Closed,Closed,Closed,Closed,Closed,Closed,Closed,Closed,Closed,Closed,Closed,Closed,Closed,Closed,Closed,Closed,Closed,Closed,Closed,Closed,Closed,Closed,Closed,Closed,Closed,Closed,Closed,Closed,Closed,Closed,Closed,Closed,Closed,Closed,Closed,Closed,Closed,Closed,Closed,Closed,Closed,Closed,Closed,Closed,Closed,Closed,Closed,Closed,Closed,Closed,Closed,Closed,Closed,Closed,Closed,Closed,Closed,Closed,Closed,Closed,Closed,Closed,Closed,Closed,Closed,Closed,Closed,Closed
,YKS5,Western Fault,21AP,0,Free Quests- Part 2!A534:J543,222,Closed,Closed,Closed,Closed,Closed,Closed,Closed,Closed,Closed,Closed,Closed,Closed,Closed,Closed,Closed,Closed,Closed,Closed,Closed,Closed,Closed,Closed,Closed,Closed,Closed,Closed,Closed,Closed,Closed,Closed,Closed,Closed,Closed,Closed,Closed,Closed,Closed,Closed,Closed,Closed,Closed,Closed,Closed,Closed,Closed,Closed,Closed,Closed,Closed,Closed,Closed,Closed,Closed,Closed,Closed,Closed,Closed,Closed,Closed,Closed,Closed,Closed,Closed,Closed,Closed,Closed,Closed,Closed,Closed,Closed,Closed,Closed,Closed,Closed,Closed,Closed,Closed,Closed,Closed,Closed,Closed,Closed,Closed,Closed,Closed,Closed,Closed,Closed,Closed,Closed,Closed,Closed,Closed,Closed,Closed,Closed,Closed,Closed,Closed,Closed,Closed,Closed,Closed,Closed,Closed,Closed,Closed,Closed,Closed,Closed,Closed,Closed,Closed,Closed
,YKS6,Deewar,21AP,0,Free Quests- Part 2!A547:J555,223,Closed,Closed,Closed,Closed,Closed,Closed,Closed,Closed,Closed,Closed,Closed,Closed,Closed,Closed,Closed,Closed,Closed,Closed,Closed,Closed,Closed,Closed,Closed,Closed,Closed,Closed,Closed,Closed,Closed,Closed,Closed,Closed,Closed,Closed,Closed,Closed,Closed,Closed,Closed,Closed,Closed,Closed,Closed,Closed,Closed,Closed,Closed,Closed,Closed,Closed,Closed,Closed,Closed,Closed,Closed,Closed,Closed,Closed,Closed,Closed,Closed,Closed,Closed,Closed,Closed,Closed,Closed,Closed,Closed,Closed,Closed,Closed,Closed,Closed,Closed,Closed,Closed,Closed,Closed,Closed,Closed,Closed,Closed,Closed,Closed,Closed,Closed,Closed,Closed,Closed,Closed,Closed,Closed,Closed,Closed,Closed,Closed,Closed,Closed,Closed,Closed,Closed,Closed,Closed,Closed,Closed,Closed,Closed,Closed,Closed,Closed,Closed,Closed,Closed
,YKS7,Divine Sky Rock Ruins,21AP,0,Free Quests- Part 2!A559:J566,224,Closed,Closed,Closed,Closed,Closed,Closed,Closed,Closed,Closed,Closed,Closed,Closed,Closed,Closed,Closed,Closed,Closed,Closed,Closed,Closed,Closed,Closed,Closed,Closed,Closed,Closed,Closed,Closed,Closed,Closed,Closed,Closed,Closed,Closed,Closed,Closed,Closed,Closed,Closed,Closed,Closed,Closed,Closed,Closed,Closed,Closed,Closed,Closed,Closed,Closed,Closed,Closed,Closed,Closed,Closed,Closed,Closed,Closed,Closed,Closed,Closed,Closed,Closed,Closed,Closed,Closed,Closed,Closed,Closed,Closed,Closed,Closed,Closed,Closed,Closed,Closed,Closed,Closed,Closed,Closed,Closed,Closed,Closed,Closed,Closed,Closed,Closed,Closed,Closed,Closed,Closed,Closed,Closed,Closed,Closed,Closed,Closed,Closed,Closed,Closed,Closed,Closed,Closed,Closed,Closed,Closed,Closed,Closed,Closed,Closed,Closed,Closed,Closed,Closed
,YKS8,Southern Town,21AP,0,Free Quests- Part 2!A570:J580,225,Closed,Closed,Closed,Closed,Closed,Closed,Closed,Closed,Closed,Closed,Closed,Closed,Closed,Closed,Closed,Closed,Closed,Closed,Closed,Closed,Closed,Closed,Closed,Closed,Closed,Closed,Closed,Closed,Closed,Closed,Closed,Closed,Closed,Closed,Closed,Closed,Closed,Closed,Closed,Closed,Closed,Closed,Closed,Closed,Closed,Closed,Closed,Closed,Closed,Closed,Closed,Closed,Closed,Closed,Closed,Closed,Closed,Closed,Closed,Closed,Closed,Closed,Closed,Closed,Closed,Closed,Closed,Closed,Closed,Closed,Closed,Closed,Closed,Closed,Closed,Closed,Closed,Closed,Closed,Closed,Closed,Closed,Closed,Closed,Closed,Closed,Closed,Closed,Closed,Closed,Closed,Closed,Closed,Closed,Closed,Closed,Closed,Closed,Closed,Closed,Closed,Closed,Closed,Closed,Closed,Closed,Closed,Closed,Closed,Closed,Closed,Closed,Closed,Closed
,YKS9,Eternal Grounds,21AP,0,Free Quests- Part 2!A584:J594,226,Closed,Closed,Closed,Closed,Closed,Closed,Closed,Closed,Closed,Closed,Closed,Closed,Closed,Closed,Closed,Closed,Closed,Closed,Closed,Closed,Closed,Closed,Closed,Closed,Closed,Closed,Closed,Closed,Closed,Closed,Closed,Closed,Closed,Closed,Closed,Closed,Closed,Closed,Closed,Closed,Closed,Closed,Closed,Closed,Closed,Closed,Closed,Closed,Closed,Closed,Closed,Closed,Closed,Closed,Closed,Closed,Closed,Closed,Closed,Closed,Closed,Closed,Closed,Closed,Closed,Closed,Closed,Closed,Closed,Closed,Closed,Closed,Closed,Closed,Closed,Closed,Closed,Closed,Closed,Closed,Closed,Closed,Closed,Closed,Closed,Closed,Closed,Closed,Closed,Closed,Closed,Closed,Closed,Closed,Closed,Closed,Closed,Closed,Closed,Closed,Closed,Closed,Closed,Closed,Closed,Closed,Closed,Closed,Closed,Closed,Closed,Closed,Closed,Closed
,YKS10,Eastern Flower Garden,21AP,0,Free Quests- Part 2!A598:J604,227,Closed,Closed,Closed,Closed,Closed,Closed,Closed,Closed,Closed,Closed,Closed,Closed,Closed,Closed,Closed,Closed,Closed,Closed,Closed,Closed,Closed,Closed,Closed,Closed,Closed,Closed,Closed,Closed,Closed,Closed,Closed,Closed,Closed,Closed,Closed,Closed,Closed,Closed,Closed,Closed,Closed,Closed,Closed,Closed,Closed,Closed,Closed,Closed,Closed,Closed,Closed,Closed,Closed,Closed,Closed,Closed,Closed,Closed,Closed,Closed,Closed,Closed,Closed,Closed,Closed,Closed,Closed,Closed,Closed,Closed,Closed,Closed,Closed,Closed,Closed,Closed,Closed,Closed,Closed,Closed,Closed,Closed,Closed,Closed,Closed,Closed,Closed,Closed,Closed,Closed,Closed,Closed,Closed,Closed,Closed,Closed,Closed,Closed,Closed,Closed,Closed,Closed,Closed,Closed,Closed,Closed,Closed,Closed,Closed,Closed,Closed,Closed,Closed,Closed
ATLANTIS,ATL1,Sailing Point,21AP,0,Free Quests- Part 2!A610:J619,228,Closed,Closed,Closed,Closed,Closed,Closed,Closed,Closed,Closed,Closed,Closed,Closed,Closed,Closed,Closed,Closed,Closed,Closed,Closed,Closed,Closed,Closed,Closed,Closed,Closed,Closed,Closed,Closed,Closed,Closed,Closed,Closed,Closed,Closed,Closed,Closed,Closed,Closed,Closed,Closed,Closed,Closed,Closed,Closed,Closed,Closed,Closed,Closed,Closed,Closed,Closed,Closed,Closed,Closed,Closed,Closed,Closed,Closed,Closed,Closed,Closed,Closed,Closed,Closed,Closed,Closed,Closed,Closed,Closed,Closed,Closed,Closed,Closed,Closed,Closed,Closed,Closed,Closed,Closed,Closed,Closed,Closed,Closed,Closed,Closed,Closed,Closed,Closed,Closed,Closed,Closed,Closed,Closed,Closed,Closed,Closed,Closed,Closed,Closed,Closed,Closed,Closed,Closed,Closed,Closed,Closed,Closed,Closed,Closed,Closed,Closed,Closed,Closed,Closed
,ATL2,Hestia Island,21AP,0,Free Quests- Part 2!A623:J633,229,Closed,Closed,Closed,Closed,Closed,Closed,Closed,Closed,Closed,Closed,Closed,Closed,Closed,Closed,Closed,Closed,Closed,Closed,Closed,Closed,Closed,Closed,Closed,Closed,Closed,Closed,Closed,Closed,Closed,Closed,Closed,Closed,Closed,Closed,Closed,Closed,Closed,Closed,Closed,Closed,Closed,Closed,Closed,Closed,Closed,Closed,Closed,Closed,Closed,Closed,Closed,Closed,Closed,Closed,Closed,Closed,Closed,Closed,Closed,Closed,Closed,Closed,Closed,Closed,Closed,Closed,Closed,Closed,Closed,Closed,Closed,Closed,Closed,Closed,Closed,Closed,Closed,Closed,Closed,Closed,Closed,Closed,Closed,Closed,Closed,Closed,Closed,Closed,Closed,Closed,Closed,Closed,Closed,Closed,Closed,Closed,Closed,Closed,Closed,Closed,Closed,Closed,Closed,Closed,Closed,Closed,Closed,Closed,Closed,Closed,Closed,Closed,Closed,Closed
,ATL3,Hecate Island,21AP,0,Free Quests- Part 2!A637:J646,230,Closed,Closed,Closed,Closed,Closed,Closed,Closed,Closed,Closed,Closed,Closed,Closed,Closed,Closed,Closed,Closed,Closed,Closed,Closed,Closed,Closed,Closed,Closed,Closed,Closed,Closed,Closed,Closed,Closed,Closed,Closed,Closed,Closed,Closed,Closed,Closed,Closed,Closed,Closed,Closed,Closed,Closed,Closed,Closed,Closed,Closed,Closed,Closed,Closed,Closed,Closed,Closed,Closed,Closed,Closed,Closed,Closed,Closed,Closed,Closed,Closed,Closed,Closed,Closed,Closed,Closed,Closed,Closed,Closed,Closed,Closed,Closed,Closed,Closed,Closed,Closed,Closed,Closed,Closed,Closed,Closed,Closed,Closed,Closed,Closed,Closed,Closed,Closed,Closed,Closed,Closed,Closed,Closed,Closed,Closed,Closed,Closed,Closed,Closed,Closed,Closed,Closed,Closed,Closed,Closed,Closed,Closed,Closed,Closed,Closed,Closed,Closed,Closed,Closed
,ATL4,Deimos Island,21AP,0,Free Quests- Part 2!A650:J658,231,Closed,Closed,Closed,Closed,Closed,Closed,Closed,Closed,Closed,Closed,Closed,Closed,Closed,Closed,Closed,Closed,Closed,Closed,Closed,Closed,Closed,Closed,Closed,Closed,Closed,Closed,Closed,Closed,Closed,Closed,Closed,Closed,Closed,Closed,Closed,Closed,Closed,Closed,Closed,Closed,Closed,Closed,Closed,Closed,Closed,Closed,Closed,Closed,Closed,Closed,Closed,Closed,Closed,Closed,Closed,Closed,Closed,Closed,Closed,Closed,Closed,Closed,Closed,Closed,Closed,Closed,Closed,Closed,Closed,Closed,Closed,Closed,Closed,Closed,Closed,Closed,Closed,Closed,Closed,Closed,Closed,Closed,Closed,Closed,Closed,Closed,Closed,Closed,Closed,Closed,Closed,Closed,Closed,Closed,Closed,Closed,Closed,Closed,Closed,Closed,Closed,Closed,Closed,Closed,Closed,Closed,Closed,Closed,Closed,Closed,Closed,Closed,Closed,Closed
,ATL5,Astraea Island,21AP,0,Free Quests- Part 2!A662:J671,232,Closed,Closed,Closed,Closed,Closed,Closed,Closed,Closed,Closed,Closed,Closed,Closed,Closed,Closed,Closed,Closed,Closed,Closed,Closed,Closed,Closed,Closed,Closed,Closed,Closed,Closed,Closed,Closed,Closed,Closed,Closed,Closed,Closed,Closed,Closed,Closed,Closed,Closed,Closed,Closed,Closed,Closed,Closed,Closed,Closed,Closed,Closed,Closed,Closed,Closed,Closed,Closed,Closed,Closed,Closed,Closed,Closed,Closed,Closed,Closed,Closed,Closed,Closed,Closed,Closed,Closed,Closed,Closed,Closed,Closed,Closed,Closed,Closed,Closed,Closed,Closed,Closed,Closed,Closed,Closed,Closed,Closed,Closed,Closed,Closed,Closed,Closed,Closed,Closed,Closed,Closed,Closed,Closed,Closed,Closed,Closed,Closed,Closed,Closed,Closed,Closed,Closed,Closed,Closed,Closed,Closed,Closed,Closed,Closed,Closed,Closed,Closed,Closed,Closed
,ATL6,Thetis Island,21AP,0,Free Quests- Part 2!A675:J684,233,Closed,Closed,Closed,Closed,Closed,Closed,Closed,Closed,Closed,Closed,Closed,Closed,Closed,Closed,Closed,Closed,Closed,Closed,Closed,Closed,Closed,Closed,Closed,Closed,Closed,Closed,Closed,Closed,Closed,Closed,Closed,Closed,Closed,Closed,Closed,Closed,Closed,Closed,Closed,Closed,Closed,Closed,Closed,Closed,Closed,Closed,Closed,Closed,Closed,Closed,Closed,Closed,Closed,Closed,Closed,Closed,Closed,Closed,Closed,Closed,Closed,Closed,Closed,Closed,Closed,Closed,Closed,Closed,Closed,Closed,Closed,Closed,Closed,Closed,Closed,Closed,Closed,Closed,Closed,Closed,Closed,Closed,Closed,Closed,Closed,Closed,Closed,Closed,Closed,Closed,Closed,Closed,Closed,Closed,Closed,Closed,Closed,Closed,Closed,Closed,Closed,Closed,Closed,Closed,Closed,Closed,Closed,Closed,Closed,Closed,Closed,Closed,Closed,Closed
,ATL7,Eris Island,21AP,0,Free Quests- Part 2!A688:J700,234,Closed,Closed,Closed,Closed,Closed,Closed,Closed,Closed,Closed,Closed,Closed,Closed,Closed,Closed,Closed,Closed,Closed,Closed,Closed,Closed,Closed,Closed,Closed,Closed,Closed,Closed,Closed,Closed,Closed,Closed,Closed,Closed,Closed,Closed,Closed,Closed,Closed,Closed,Closed,Closed,Closed,Closed,Closed,Closed,Closed,Closed,Closed,Closed,Closed,Closed,Closed,Closed,Closed,Closed,Closed,Closed,Closed,Closed,Closed,Closed,Closed,Closed,Closed,Closed,Closed,Closed,Closed,Closed,Closed,Closed,Closed,Closed,Closed,Closed,Closed,Closed,Closed,Closed,Closed,Closed,Closed,Closed,Closed,Closed,Closed,Closed,Closed,Closed,Closed,Closed,Closed,Closed,Closed,Closed,Closed,Closed,Closed,Closed,Closed,Closed,Closed,Closed,Closed,Closed,Closed,Closed,Closed,Closed,Closed,Closed,Closed,Closed,Closed,Closed
,ATL8,Nemesis Island,21AP,0,Free Quests- Part 2!A704:J713,235,Closed,Closed,Closed,Closed,Closed,Closed,Closed,Closed,Closed,Closed,Closed,Closed,Closed,Closed,Closed,Closed,Closed,Closed,Closed,Closed,Closed,Closed,Closed,Closed,Closed,Closed,Closed,Closed,Closed,Closed,Closed,Closed,Closed,Closed,Closed,Closed,Closed,Closed,Closed,Closed,Closed,Closed,Closed,Closed,Closed,Closed,Closed,Closed,Closed,Closed,Closed,Closed,Closed,Closed,Closed,Closed,Closed,Closed,Closed,Closed,Closed,Closed,Closed,Closed,Closed,Closed,Closed,Closed,Closed,Closed,Closed,Closed,Closed,Closed,Closed,Closed,Closed,Closed,Closed,Closed,Closed,Closed,Closed,Closed,Closed,Closed,Closed,Closed,Closed,Closed,Closed,Closed,Closed,Closed,Closed,Closed,Closed,Closed,Closed,Closed,Closed,Closed,Closed,Closed,Closed,Closed,Closed,Closed,Closed,Closed,Closed,Closed,Closed,Closed
,ATL9,Thanatos Island,21AP,0,Free Quests- Part 2!A717:J727,236,Closed,Closed,Closed,Closed,Closed,Closed,Closed,Closed,Closed,Closed,Closed,Closed,Closed,Closed,Closed,Closed,Closed,Closed,Closed,Closed,Closed,Closed,Closed,Closed,Closed,Closed,Closed,Closed,Closed,Closed,Closed,Closed,Closed,Closed,Closed,Closed,Closed,Closed,Closed,Closed,Closed,Closed,Closed,Closed,Closed,Closed,Closed,Closed,Closed,Closed,Closed,Closed,Closed,Closed,Closed,Closed,Closed,Closed,Closed,Closed,Closed,Closed,Closed,Closed,Closed,Closed,Closed,Closed,Closed,Closed,Closed,Closed,Closed,Closed,Closed,Closed,Closed,Closed,Closed,Closed,Closed,Closed,Closed,Closed,Closed,Closed,Closed,Closed,Closed,Closed,Closed,Closed,Closed,Closed,Closed,Closed,Closed,Closed,Closed,Closed,Closed,Closed,Closed,Closed,Closed,Closed,Closed,Closed,Closed,Closed,Closed,Closed,Closed,Closed
OLYMPUS,OLP1,Gliding Point,21AP,0,Free Quests- Part 2!A733:J742,237,Closed,Closed,Closed,Closed,Closed,Closed,Closed,Closed,Closed,Closed,Closed,Closed,Closed,Closed,Closed,Closed,Closed,Closed,Closed,Closed,Closed,Closed,Closed,Closed,Closed,Closed,Closed,Closed,Closed,Closed,Closed,Closed,Closed,Closed,Closed,Closed,Closed,Closed,Closed,Closed,Closed,Closed,Closed,Closed,Closed,Closed,Closed,Closed,Closed,Closed,Closed,Closed,Closed,Closed,Closed,Closed,Closed,Closed,Closed,Closed,Closed,Closed,Closed,Closed,Closed,Closed,Closed,Closed,Closed,Closed,Closed,Closed,Closed,Closed,Closed,Closed,Closed,Closed,Closed,Closed,Closed,Closed,Closed,Closed,Closed,Closed,Closed,Closed,Closed,Closed,Closed,Closed,Closed,Closed,Closed,Closed,Closed,Closed,Closed,Closed,Closed,Closed,Closed,Closed,Closed,Closed,Closed,Closed,Closed,Closed,Closed,Closed,Closed,Closed
,OLP2,Interstellar City: West,21AP,0,Free Quests- Part 2!A746:J752,238,Closed,Closed,Closed,Closed,Closed,Closed,Closed,Closed,Closed,Closed,Closed,Closed,Closed,Closed,Closed,Closed,Closed,Closed,Closed,Closed,Closed,Closed,Closed,Closed,Closed,Closed,Closed,Closed,Closed,Closed,Closed,Closed,Closed,Closed,Closed,Closed,Closed,Closed,Closed,Closed,Closed,Closed,Closed,Closed,Closed,Closed,Closed,Closed,Closed,Closed,Closed,Closed,Closed,Closed,Closed,Closed,Closed,Closed,Closed,Closed,Closed,Closed,Closed,Closed,Closed,Closed,Closed,Closed,Closed,Closed,Closed,Closed,Closed,Closed,Closed,Closed,Closed,Closed,Closed,Closed,Closed,Closed,Closed,Closed,Closed,Closed,Closed,Closed,Closed,Closed,Closed,Closed,Closed,Closed,Closed,Closed,Closed,Closed,Closed,Closed,Closed,Closed,Closed,Closed,Closed,Closed,Closed,Closed,Closed,Closed,Closed,Closed,Closed,Closed
,OLP3,Interstellar City: South,21AP,0,Free Quests- Part 2!A756:J765,239,Closed,Closed,Closed,Closed,Closed,Closed,Closed,Closed,Closed,Closed,Closed,Closed,Closed,Closed,Closed,Closed,Closed,Closed,Closed,Closed,Closed,Closed,Closed,Closed,Closed,Closed,Closed,Closed,Closed,Closed,Closed,Closed,Closed,Closed,Closed,Closed,Closed,Closed,Closed,Closed,Closed,Closed,Closed,Closed,Closed,Closed,Closed,Closed,Closed,Closed,Closed,Closed,Closed,Closed,Closed,Closed,Closed,Closed,Closed,Closed,Closed,Closed,Closed,Closed,Closed,Closed,Closed,Closed,Closed,Closed,Closed,Closed,Closed,Closed,Closed,Closed,Closed,Closed,Closed,Closed,Closed,Closed,Closed,Closed,Closed,Closed,Closed,Closed,Closed,Closed,Closed,Closed,Closed,Closed,Closed,Closed,Closed,Closed,Closed,Closed,Closed,Closed,Closed,Closed,Closed,Closed,Closed,Closed,Closed,Closed,Closed,Closed,Closed,Closed
,OLP4,Interstellar City: East,21AP,0,Free Quests- Part 2!A769:J780,240,Closed,Closed,Closed,Closed,Closed,Closed,Closed,Closed,Closed,Closed,Closed,Closed,Closed,Closed,Closed,Closed,Closed,Closed,Closed,Closed,Closed,Closed,Closed,Closed,Closed,Closed,Closed,Closed,Closed,Closed,Closed,Closed,Closed,Closed,Closed,Closed,Closed,Closed,Closed,Closed,Closed,Closed,Closed,Closed,Closed,Closed,Closed,Closed,Closed,Closed,Closed,Closed,Closed,Closed,Closed,Closed,Closed,Closed,Closed,Closed,Closed,Closed,Closed,Closed,Closed,Closed,Closed,Closed,Closed,Closed,Closed,Closed,Closed,Closed,Closed,Closed,Closed,Closed,Closed,Closed,Closed,Closed,Closed,Closed,Closed,Closed,Closed,Closed,Closed,Closed,Closed,Closed,Closed,Closed,Closed,Closed,Closed,Closed,Closed,Closed,Closed,Closed,Closed,Closed,Closed,Closed,Closed,Closed,Closed,Closed,Closed,Closed,Closed,Closed
,OLP5,Grand Workshop,21AP,0,Free Quests- Part 2!A784:J794,241,Closed,Closed,Closed,Closed,Closed,Closed,Closed,Closed,Closed,Closed,Closed,Closed,Closed,Closed,Closed,Closed,Closed,Closed,Closed,Closed,Closed,Closed,Closed,Closed,Closed,Closed,Closed,Closed,Closed,Closed,Closed,Closed,Closed,Closed,Closed,Closed,Closed,Closed,Closed,Closed,Closed,Closed,Closed,Closed,Closed,Closed,Closed,Closed,Closed,Closed,Closed,Closed,Closed,Closed,Closed,Closed,Closed,Closed,Closed,Closed,Closed,Closed,Closed,Closed,Closed,Closed,Closed,Closed,Closed,Closed,Closed,Closed,Closed,Closed,Closed,Closed,Closed,Closed,Closed,Closed,Closed,Closed,Closed,Closed,Closed,Closed,Closed,Closed,Closed,Closed,Closed,Closed,Closed,Closed,Closed,Closed,Closed,Closed,Closed,Closed,Closed,Closed,Closed,Closed,Closed,Closed,Closed,Closed,Closed,Closed,Closed,Closed,Closed,Closed
,OLP6,God Slayers League Base,21AP,0,Free Quests- Part 2!A798:J806,242,Closed,Closed,Closed,Closed,Closed,Closed,Closed,Closed,Closed,Closed,Closed,Closed,Closed,Closed,Closed,Closed,Closed,Closed,Closed,Closed,Closed,Closed,Closed,Closed,Closed,Closed,Closed,Closed,Closed,Closed,Closed,Closed,Closed,Closed,Closed,Closed,Closed,Closed,Closed,Closed,Closed,Closed,Closed,Closed,Closed,Closed,Closed,Closed,Closed,Closed,Closed,Closed,Closed,Closed,Closed,Closed,Closed,Closed,Closed,Closed,Closed,Closed,Closed,Closed,Closed,Closed,Closed,Closed,Closed,Closed,Closed,Closed,Closed,Closed,Closed,Closed,Closed,Closed,Closed,Closed,Closed,Closed,Closed,Closed,Closed,Closed,Closed,Closed,Closed,Closed,Closed,Closed,Closed,Closed,Closed,Closed,Closed,Closed,Closed,Closed,Closed,Closed,Closed,Closed,Closed,Closed,Closed,Closed,Closed,Closed,Closed,Closed,Closed,Closed
,OLP7,Altar District,21AP,0,Free Quests- Part 2!A810:J819,243,Closed,Closed,Closed,Closed,Closed,Closed,Closed,Closed,Closed,Closed,Closed,Closed,Closed,Closed,Closed,Closed,Closed,Closed,Closed,Closed,Closed,Closed,Closed,Closed,Closed,Closed,Closed,Closed,Closed,Closed,Closed,Closed,Closed,Closed,Closed,Closed,Closed,Closed,Closed,Closed,Closed,Closed,Closed,Closed,Closed,Closed,Closed,Closed,Closed,Closed,Closed,Closed,Closed,Closed,Closed,Closed,Closed,Closed,Closed,Closed,Closed,Closed,Closed,Closed,Closed,Closed,Closed,Closed,Closed,Closed,Closed,Closed,Closed,Closed,Closed,Closed,Closed,Closed,Closed,Closed,Closed,Closed,Closed,Closed,Closed,Closed,Closed,Closed,Closed,Closed,Closed,Closed,Closed,Closed,Closed,Closed,Closed,Closed,Closed,Closed,Closed,Closed,Closed,Closed,Closed,Closed,Closed,Closed,Closed,Closed,Closed,Closed,Closed,Closed
,OLP8,Aerial Garden,21AP,0,Free Quests- Part 2!A823:J831,244,Closed,Closed,Closed,Closed,Closed,Closed,Closed,Closed,Closed,Closed,Closed,Closed,Closed,Closed,Closed,Closed,Closed,Closed,Closed,Closed,Closed,Closed,Closed,Closed,Closed,Closed,Closed,Closed,Closed,Closed,Closed,Closed,Closed,Closed,Closed,Closed,Closed,Closed,Closed,Closed,Closed,Closed,Closed,Closed,Closed,Closed,Closed,Closed,Closed,Closed,Closed,Closed,Closed,Closed,Closed,Closed,Closed,Closed,Closed,Closed,Closed,Closed,Closed,Closed,Closed,Closed,Closed,Closed,Closed,Closed,Closed,Closed,Closed,Closed,Closed,Closed,Closed,Closed,Closed,Closed,Closed,Closed,Closed,Closed,Closed,Closed,Closed,Closed,Closed,Closed,Closed,Closed,Closed,Closed,Closed,Closed,Closed,Closed,Closed,Closed,Closed,Closed,Closed,Closed,Closed,Closed,Closed,Closed,Closed,Closed,Closed,Closed,Closed,Closed
,OLP9,Machine God's Cloister,21AP,0,Free Quests- Part 2!A835:J843,245,Closed,Closed,Closed,Closed,Closed,Closed,Closed,Closed,Closed,Closed,Closed,Closed,Closed,Closed,Closed,Closed,Closed,Closed,Closed,Closed,Closed,Closed,Closed,Closed,Closed,Closed,Closed,Closed,Closed,Closed,Closed,Closed,Closed,Closed,Closed,Closed,Closed,Closed,Closed,Closed,Closed,Closed,Closed,Closed,Closed,Closed,Closed,Closed,Closed,Closed,Closed,Closed,Closed,Closed,Closed,Closed,Closed,Closed,Closed,Closed,Closed,Closed,Closed,Closed,Closed,Closed,Closed,Closed,Closed,Closed,Closed,Closed,Closed,Closed,Closed,Closed,Closed,Closed,Closed,Closed,Closed,Closed,Closed,Closed,Closed,Closed,Closed,Closed,Closed,Closed,Closed,Closed,Closed,Closed,Closed,Closed,Closed,Closed,Closed,Closed,Closed,Closed,Closed,Closed,Closed,Closed,Closed,Closed,Closed,Closed,Closed,Closed,Closed,Closed
,OLP10,Grand Altar,21AP,0,Free Quests- Part 2!A847:J858,246,Closed,Closed,Closed,Closed,Closed,Closed,Closed,Closed,Closed,Closed,Closed,Closed,Closed,Closed,Closed,Closed,Closed,Closed,Closed,Closed,Closed,Closed,Closed,Closed,Closed,Closed,Closed,Closed,Closed,Closed,Closed,Closed,Closed,Closed,Closed,Closed,Closed,Closed,Closed,Closed,Closed,Closed,Closed,Closed,Closed,Closed,Closed,Closed,Closed,Closed,Closed,Closed,Closed,Closed,Closed,Closed,Closed,Closed,Closed,Closed,Closed,Closed,Closed,Closed,Closed,Closed,Closed,Closed,Closed,Closed,Closed,Closed,Closed,Closed,Closed,Closed,Closed,Closed,Closed,Closed,Closed,Closed,Closed,Closed,Closed,Closed,Closed,Closed,Closed,Closed,Closed,Closed,Closed,Closed,Closed,Closed,Closed,Closed,Closed,Closed,Closed,Closed,Closed,Closed,Closed,Closed,Closed,Closed,Closed,Closed,Closed,Closed,Closed,Closed
,OLP11,Underground Belt Mechanism - Outer Region,21AP,0,Free Quests- Part 2!A862:J867,247,Closed,Closed,Closed,Closed,Closed,Closed,Closed,Closed,Closed,Closed,Closed,Closed,Closed,Closed,Closed,Closed,Closed,Closed,Closed,Closed,Closed,Closed,Closed,Closed,Closed,Closed,Closed,Closed,Closed,Closed,Closed,Closed,Closed,Closed,Closed,Closed,Closed,Closed,Closed,Closed,Closed,Closed,Closed,Closed,Closed,Closed,Closed,Closed,Closed,Closed,Closed,Closed,Closed,Closed,Closed,Closed,Closed,Closed,Closed,Closed,Closed,Closed,Closed,Closed,Closed,Closed,Closed,Closed,Closed,Closed,Closed,Closed,Closed,Closed,Closed,Closed,Closed,Closed,Closed,Closed,Closed,Closed,Closed,Closed,Closed,Closed,Closed,Closed,Closed,Closed,Closed,Closed,Closed,Closed,Closed,Closed,Closed,Closed,Closed,Closed,Closed,Closed,Closed,Closed,Closed,Closed,Closed,Closed,Closed,Closed,Closed,Closed,Closed,Closed
Heian-Kyo,HEA1,"J? Seven, B? Four",21AP,0,Free Quests- Part 2!A871:J881,248,Closed,Closed,Closed,Closed,Closed,Closed,Closed,Closed,Closed,Closed,Closed,Closed,Closed,Closed,Closed,Closed,Closed,Closed,Closed,Closed,Closed,Closed,Closed,Closed,Closed,Closed,Closed,Closed,Closed,Closed,Closed,Closed,Closed,Closed,Closed,Closed,Closed,Closed,Closed,Closed,Closed,Closed,Closed,Closed,Closed,Closed,Closed,Closed,Closed,Closed,Closed,Closed,Closed,Closed,Closed,Closed,Closed,Closed,Closed,Closed,Closed,Closed,Closed,Closed,Closed,Closed,Closed,Closed,Closed,Closed,Closed,Closed,Closed,Closed,Closed,Closed,Closed,Closed,Closed,Closed,Closed,Closed,Closed,Closed,Closed,Closed,Closed,Closed,Closed,Closed,Closed,Closed,Closed,Closed,Closed,Closed,Closed,Closed,Closed,Closed,Closed,Closed,Closed,Closed,Closed,Closed,Closed,Closed,Closed,Closed,Closed,Closed,Closed,Closed
,HEA2,"J? Seven, B? Two",21AP,0,Free Quests- Part 2!A885:J896,249,Closed,Closed,Closed,Closed,Closed,Closed,Closed,Closed,Closed,Closed,Closed,Closed,Closed,Closed,Closed,Closed,Closed,Closed,Closed,Closed,Closed,Closed,Closed,Closed,Closed,Closed,Closed,Closed,Closed,Closed,Closed,Closed,Closed,Closed,Closed,Closed,Closed,Closed,Closed,Closed,Closed,Closed,Closed,Closed,Closed,Closed,Closed,Closed,Closed,Closed,Closed,Closed,Closed,Closed,Closed,Closed,Closed,Closed,Closed,Closed,Closed,Closed,Closed,Closed,Closed,Closed,Closed,Closed,Closed,Closed,Closed,Closed,Closed,Closed,Closed,Closed,Closed,Closed,Closed,Closed,Closed,Closed,Closed,Closed,Closed,Closed,Closed,Closed,Closed,Closed,Closed,Closed,Closed,Closed,Closed,Closed,Closed,Closed,Closed,Closed,Closed,Closed,Closed,Closed,Closed,Closed,Closed,Closed,Closed,Closed,Closed,Closed,Closed,Closed
,HEA3,"J? Six, Main Street",21AP,0,Free Quests- Part 2!A900:J909,250,Closed,Closed,Closed,Closed,Closed,Closed,Closed,Closed,Closed,Closed,Closed,Closed,Closed,Closed,Closed,Closed,Closed,Closed,Closed,Closed,Closed,Closed,Closed,Closed,Closed,Closed,Closed,Closed,Closed,Closed,Closed,Closed,Closed,Closed,Closed,Closed,Closed,Closed,Closed,Closed,Closed,Closed,Closed,Closed,Closed,Closed,Closed,Closed,Closed,Closed,Closed,Closed,Closed,Closed,Closed,Closed,Closed,Closed,Closed,Closed,Closed,Closed,Closed,Closed,Closed,Closed,Closed,Closed,Closed,Closed,Closed,Closed,Closed,Closed,Closed,Closed,Closed,Closed,Closed,Closed,Closed,Closed,Closed,Closed,Closed,Closed,Closed,Closed,Closed,Closed,Closed,Closed,Closed,Closed,Closed,Closed,Closed,Closed,Closed,Closed,Closed,Closed,Closed,Closed,Closed,Closed,Closed,Closed,Closed,Closed,Closed,Closed,Closed,Closed
,HEA4,Aristocrat's Residence,21AP,0,Free Quests- Part 2!A913:J921,251,Closed,Closed,Closed,Closed,Closed,Closed,Closed,Closed,Closed,Closed,Closed,Closed,Closed,Closed,Closed,Closed,Closed,Closed,Closed,Closed,Closed,Closed,Closed,Closed,Closed,Closed,Closed,Closed,Closed,Closed,Closed,Closed,Closed,Closed,Closed,Closed,Closed,Closed,Closed,Closed,Closed,Closed,Closed,Closed,Closed,Closed,Closed,Closed,Closed,Closed,Closed,Closed,Closed,Closed,Closed,Closed,Closed,Closed,Closed,Closed,Closed,Closed,Closed,Closed,Closed,Closed,Closed,Closed,Closed,Closed,Closed,Closed,Closed,Closed,Closed,Closed,Closed,Closed,Closed,Closed,Closed,Closed,Closed,Closed,Closed,Closed,Closed,Closed,Closed,Closed,Closed,Closed,Closed,Closed,Closed,Closed,Closed,Closed,Closed,Closed,Closed,Closed,Closed,Closed,Closed,Closed,Closed,Closed,Closed,Closed,Closed,Closed,Closed,Closed
,HEA5,Suzakumon,21AP,0,Free Quests- Part 2!A925:J934,252,Closed,Closed,Closed,Closed,Closed,Closed,Closed,Closed,Closed,Closed,Closed,Closed,Closed,Closed,Closed,Closed,Closed,Closed,Closed,Closed,Closed,Closed,Closed,Closed,Closed,Closed,Closed,Closed,Closed,Closed,Closed,Closed,Closed,Closed,Closed,Closed,Closed,Closed,Closed,Closed,Closed,Closed,Closed,Closed,Closed,Closed,Closed,Closed,Closed,Closed,Closed,Closed,Closed,Closed,Closed,Closed,Closed,Closed,Closed,Closed,Closed,Closed,Closed,Closed,Closed,Closed,Closed,Closed,Closed,Closed,Closed,Closed,Closed,Closed,Closed,Closed,Closed,Closed,Closed,Closed,Closed,Closed,Closed,Closed,Closed,Closed,Closed,Closed,Closed,Closed,Closed,Closed,Closed,Closed,Closed,Closed,Closed,Closed,Closed,Closed,Closed,Closed,Closed,Closed,Closed,Closed,Closed,Closed,Closed,Closed,Closed,Closed,Closed,Closed
,HEA6,Heian Imperial Palace,21AP,0,Free Quests- Part 2!A938:J947,253,Closed,Closed,Closed,Closed,Closed,Closed,Closed,Closed,Closed,Closed,Closed,Closed,Closed,Closed,Closed,Closed,Closed,Closed,Closed,Closed,Closed,Closed,Closed,Closed,Closed,Closed,Closed,Closed,Closed,Closed,Closed,Closed,Closed,Closed,Closed,Closed,Closed,Closed,Closed,Closed,Closed,Closed,Closed,Closed,Closed,Closed,Closed,Closed,Closed,Closed,Closed,Closed,Closed,Closed,Closed,Closed,Closed,Closed,Closed,Closed,Closed,Closed,Closed,Closed,Closed,Closed,Closed,Closed,Closed,Closed,Closed,Closed,Closed,Closed,Closed,Closed,Closed,Closed,Closed,Closed,Closed,Closed,Closed,Closed,Closed,Closed,Closed,Closed,Closed,Closed,Closed,Closed,Closed,Closed,Closed,Closed,Closed,Closed,Closed,Closed,Closed,Closed,Closed,Closed,Closed,Closed,Closed,Closed,Closed,Closed,Closed,Closed,Closed,Closed
,HEA7,Suzaku Main Street,21AP,0,Free Quests- Part 2!A951:J960,254,Closed,Closed,Closed,Closed,Closed,Closed,Closed,Closed,Closed,Closed,Closed,Closed,Closed,Closed,Closed,Closed,Closed,Closed,Closed,Closed,Closed,Closed,Closed,Closed,Closed,Closed,Closed,Closed,Closed,Closed,Closed,Closed,Closed,Closed,Closed,Closed,Closed,Closed,Closed,Closed,Closed,Closed,Closed,Closed,Closed,Closed,Closed,Closed,Closed,Closed,Closed,Closed,Closed,Closed,Closed,Closed,Closed,Closed,Closed,Closed,Closed,Closed,Closed,Closed,Closed,Closed,Closed,Closed,Closed,Closed,Closed,Closed,Closed,Closed,Closed,Closed,Closed,Closed,Closed,Closed,Closed,Closed,Closed,Closed,Closed,Closed,Closed,Closed,Closed,Closed,Closed,Closed,Closed,Closed,Closed,Closed,Closed,Closed,Closed,Closed,Closed,Closed,Closed,Closed,Closed,Closed,Closed,Closed,Closed,Closed,Closed,Closed,Closed,Closed
,HEA8,Inari Shrine,21AP,0,Free Quests- Part 2!A964:J973,255,Closed,Closed,Closed,Closed,Closed,Closed,Closed,Closed,Closed,Closed,Closed,Closed,Closed,Closed,Closed,Closed,Closed,Closed,Closed,Closed,Closed,Closed,Closed,Closed,Closed,Closed,Closed,Closed,Closed,Closed,Closed,Closed,Closed,Closed,Closed,Closed,Closed,Closed,Closed,Closed,Closed,Closed,Closed,Closed,Closed,Closed,Closed,Closed,Closed,Closed,Closed,Closed,Closed,Closed,Closed,Closed,Closed,Closed,Closed,Closed,Closed,Closed,Closed,Closed,Closed,Closed,Closed,Closed,Closed,Closed,Closed,Closed,Closed,Closed,Closed,Closed,Closed,Closed,Closed,Closed,Closed,Closed,Closed,Closed,Closed,Closed,Closed,Closed,Closed,Closed,Closed,Closed,Closed,Closed,Closed,Closed,Closed,Closed,Closed,Closed,Closed,Closed,Closed,Closed,Closed,Closed,Closed,Closed,Closed,Closed,Closed,Closed,Closed,Closed
,HEA9,Imperial Palace Main Street,21AP,0,Free Quests- Part 2!A977:J987,256,Closed,Closed,Closed,Closed,Closed,Closed,Closed,Closed,Closed,Closed,Closed,Closed,Closed,Closed,Closed,Closed,Closed,Closed,Closed,Closed,Closed,Closed,Closed,Closed,Closed,Closed,Closed,Closed,Closed,Closed,Closed,Closed,Closed,Closed,Closed,Closed,Closed,Closed,Closed,Closed,Closed,Closed,Closed,Closed,Closed,Closed,Closed,Closed,Closed,Closed,Closed,Closed,Closed,Closed,Closed,Closed,Closed,Closed,Closed,Closed,Closed,Closed,Closed,Closed,Closed,Closed,Closed,Closed,Closed,Closed,Closed,Closed,Closed,Closed,Closed,Closed,Closed,Closed,Closed,Closed,Closed,Closed,Closed,Closed,Closed,Closed,Closed,Closed,Closed,Closed,Closed,Closed,Closed,Closed,Closed,Closed,Closed,Closed,Closed,Closed,Closed,Closed,Closed,Closed,Closed,Closed,Closed,Closed,Closed,Closed,Closed,Closed,Closed,Closed
,HEA10,Raikou's Residence,21AP,0,Free Quests- Part 2!A991:J999,257,Closed,Closed,Closed,Closed,Closed,Closed,Closed,Closed,Closed,Closed,Closed,Closed,Closed,Closed,Closed,Closed,Closed,Closed,Closed,Closed,Closed,Closed,Closed,Closed,Closed,Closed,Closed,Closed,Closed,Closed,Closed,Closed,Closed,Closed,Closed,Closed,Closed,Closed,Closed,Closed,Closed,Closed,Closed,Closed,Closed,Closed,Closed,Closed,Closed,Closed,Closed,Closed,Closed,Closed,Closed,Closed,Closed,Closed,Closed,Closed,Closed,Closed,Closed,Closed,Closed,Closed,Closed,Closed,Closed,Closed,Closed,Closed,Closed,Closed,Closed,Closed,Closed,Closed,Closed,Closed,Closed,Closed,Closed,Closed,Closed,Closed,Closed,Closed,Closed,Closed,Closed,Closed,Closed,Closed,Closed,Closed,Closed,Closed,Closed,Closed,Closed,Closed,Closed,Closed,Closed,Closed,Closed,Closed,Closed,Closed,Closed,Closed,Closed,Closed
,HEA11,Goj? Bridge,21AP,0,Free Quests- Part 2!A1003:J1009,258,Closed,Closed,Closed,Closed,Closed,Closed,Closed,Closed,Closed,Closed,Closed,Closed,Closed,Closed,Closed,Closed,Closed,Closed,Closed,Closed,Closed,Closed,Closed,Closed,Closed,Closed,Closed,Closed,Closed,Closed,Closed,Closed,Closed,Closed,Closed,Closed,Closed,Closed,Closed,Closed,Closed,Closed,Closed,Closed,Closed,Closed,Closed,Closed,Closed,Closed,Closed,Closed,Closed,Closed,Closed,Closed,Closed,Closed,Closed,Closed,Closed,Closed,Closed,Closed,Closed,Closed,Closed,Closed,Closed,Closed,Closed,Closed,Closed,Closed,Closed,Closed,Closed,Closed,Closed,Closed,Closed,Closed,Closed,Closed,Closed,Closed,Closed,Closed,Closed,Closed,Closed,Closed,Closed,Closed,Closed,Closed,Closed,Closed,Closed,Closed,Closed,Closed,Closed,Closed,Closed,Closed,Closed,Closed,Closed,Closed,Closed,Closed,Closed,Closed
,HEA12,Mount ?e,21AP,0,Free Quests- Part 2!A1013:J1021,259,Closed,Closed,Closed,Closed,Closed,Closed,Closed,Closed,Closed,Closed,Closed,Closed,Closed,Closed,Closed,Closed,Closed,Closed,Closed,Closed,Closed,Closed,Closed,Closed,Closed,Closed,Closed,Closed,Closed,Closed,Closed,Closed,Closed,Closed,Closed,Closed,Closed,Closed,Closed,Closed,Closed,Closed,Closed,Closed,Closed,Closed,Closed,Closed,Closed,Closed,Closed,Closed,Closed,Closed,Closed,Closed,Closed,Closed,Closed,Closed,Closed,Closed,Closed,Closed,Closed,Closed,Closed,Closed,Closed,Closed,Closed,Closed,Closed,Closed,Closed,Closed,Closed,Closed,Closed,Closed,Closed,Closed,Closed,Closed,Closed,Closed,Closed,Closed,Closed,Closed,Closed,Closed,Closed,Closed,Closed,Closed,Closed,Closed,Closed,Closed,Closed,Closed,Closed,Closed,Closed,Closed,Closed,Closed,Closed,Closed,Closed,Closed,Closed,Closed
,HEA13,"J? Three, B? Three",21AP,0,Free Quests- Part 2!A1025:J1034,260,Closed,Closed,Closed,Closed,Closed,Closed,Closed,Closed,Closed,Closed,Closed,Closed,Closed,Closed,Closed,Closed,Closed,Closed,Closed,Closed,Closed,Closed,Closed,Closed,Closed,Closed,Closed,Closed,Closed,Closed,Closed,Closed,Closed,Closed,Closed,Closed,Closed,Closed,Closed,Closed,Closed,Closed,Closed,Closed,Closed,Closed,Closed,Closed,Closed,Closed,Closed,Closed,Closed,Closed,Closed,Closed,Closed,Closed,Closed,Closed,Closed,Closed,Closed,Closed,Closed,Closed,Closed,Closed,Closed,Closed,Closed,Closed,Closed,Closed,Closed,Closed,Closed,Closed,Closed,Closed,Closed,Closed,Closed,Closed,Closed,Closed,Closed,Closed,Closed,Closed,Closed,Closed,Closed,Closed,Closed,Closed,Closed,Closed,Closed,Closed,Closed,Closed,Closed,Closed,Closed,Closed,Closed,Closed,Closed,Closed,Closed,Closed,Closed,Closed
