,ID,,,,,,A101,A102,A103,A104,A105,A106,A107,A108,A109,A110,A111,A112,A113,A114,A115,A116,A117,A118,A201,A202,A203,A204,A205,A206,A207,A208,A209,A210,A211,A212,A213,A214,A215,A216,A217,A218,A219,A220,A301,A302,A303,A304,A305,A306,A307,A308,A309,B101,B102,B103,B104,B105,B106,B107,B111,B112,B113,B114,B115,B116,B117,B121,B122,B123,B124,B125,B126,B127,B201,B202,B203,B204,B205,B206,B207,B211,B212,B213,B214,B215,B216,B217,B321,B322,B323,B324,B325,B326,B327,B328,B331,B332,B333,B334,B335,B336,B337,B338,B341,B342,B343,B344,B345,B346,B347,B348,B351,B352,B353,B354,B355,B356,B357,B358,,,
,Material,,,,,,?,??,??,?,??,??,?,????,?????,??,??,??,??,?,?,???,?,??,?,????,??,??,??,??,?,??,??,??,??,??,??,??,????,?,??,?,??,??,?,?,?,?,?,??,??,??,??,??,??,??,??,??,??,??,??,??,??,??,??,??,??,??,??,??,??,??,??,??,??,??,??,??,??,??,??,??,??,??,??,??,??,??,??,??,??,??,??,??,??,,??,??,??,??,??,??,??,,??,??,??,??,??,??,??,,??,??,??,??,??,??,??,,,,
,,,,,,,36,37,38,39,40,41,42,43,44,45,46,47,48,49,50,51,52,53,15,16,17,18,19,20,21,22,23,24,25,26,27.0,28.0,29.0,30.0,31.0,32.0,33.0,34.0,5.0,6.0,7.0,8.0,9.0,10.0,11.0,12.0,13.0,71.0,72.0,73.0,74.0,75.0,76.0,77.0,63.0,64.0,65.0,66.0,67.0,68.0,69.0,55.0,56.0,57.0,58.0,59.0,60.0,61.0,87.0,88.0,89.0,90.0,91.0,92.0,93.0,79.0,80.0,81.0,82.0,83.0,84.0,85.0,95.0,96.0,97.0,98.0,99.0,100.0,101.0,,#REF!,#REF!,#REF!,#REF!,#REF!,#REF!,#REF!,#REF!,#REF!,#REF!,#REF!,#REF!,#REF!,#REF!,#REF!,#REF!,#REF!,#REF!,#REF!,#REF!,#REF!,#REF!,#REF!,#REF!,,,
,String,Match,Name,JP Name,AP,Runs,,,,,,,,,,,,,,,,,,,,,,,,,,,,,,,,,,,,,,,,,,,,,,,,,,,,,,,,,,,,,,,,,,,,,,,,,,,,,,,,,,,,,,,,,,,,,,,,,,,,,,,,,,,,,,,,,,,,,
EMBER GATHERING,EMB1,,Monday/Thursday- Novice,,,,,,,,,,,,,,,,,,,,,,,,,,,,,,,,,,,,,,,,,,,,,,,,,,,,,,,,,,,,,,,,,,,,,,,,,,,,,,,,,,,,,,,,,,,,,,,,,,,,,,,,,,,,,,,,,,,,,,,,
,EMB2,,Monday/Thursday- Intermediate,,,,,,,,,,,,,,,,,,,,,,,,,,,,,,,,,,,,,,,,,,,,,,,,,,,,,,,,,,,,,,,,,,,,,,,,,,,,,,,,,,,,,,,,,,,,,,,,,,,,,,,,,,,,,,,,,,,,,,,,
,EMB3,,Monday/Thursday- Advanced,,,,,,,,,,,,,,,,,,,,,,,,,,,,,,,,,,,,,,,,,,,,,,,,,,,,,,,,,,,,,,,,,,,,,,,,,,,,,,,,,,,,,,,,,,,,,,,,,,,,,,,,,,,,,,,,,,,,,,,,
,EMB4,,Monday/Thursday- Expert,,,,,,,,,,,,,,,,,,,,,,,,,,,,,,,,,,,,,,,,,,,,,,,,,,,,,,,,,,,,,,,,,,,,,,,,,,,,,,,,,,,,,,,,,,,,,,,,,,,,,,,,,,,,,,,,,,,,,,,,
,EMB5,,Tuesday/Friday- Novice,,,,,,,,,,,,,,,,,,,,,,,,,,,,,,,,,,,,,,,,,,,,,,,,,,,,,,,,,,,,,,,,,,,,,,,,,,,,,,,,,,,,,,,,,,,,,,,,,,,,,,,,,,,,,,,,,,,,,,,,
,EMB6,,Tuesday/Friday- Intermediate,,,,,,,,,,,,,,,,,,,,,,,,,,,,,,,,,,,,,,,,,,,,,,,,,,,,,,,,,,,,,,,,,,,,,,,,,,,,,,,,,,,,,,,,,,,,,,,,,,,,,,,,,,,,,,,,,,,,,,,,
,EMB7,,Tuesday/Friday- Advanced,,,,,,,,,,,,,,,,,,,,,,,,,,,,,,,,,,,,,,,,,,,,,,,,,,,,,,,,,,,,,,,,,,,,,,,,,,,,,,,,,,,,,,,,,,,,,,,,,,,,,,,,,,,,,,,,,,,,,,,,
,EMB8,,Tuesday/Friday- Expert,,,,,,,,,,,,,,,,,,,,,,,,,,,,,,,,,,,,,,,,,,,,,,,,,,,,,,,,,,,,,,,,,,,,,,,,,,,,,,,,,,,,,,,,,,,,,,,,,,,,,,,,,,,,,,,,,,,,,,,,
,EMB9,,Wednesday/Saturday- Novice,,,,,,,,,,,,,,,,,,,,,,,,,,,,,,,,,,,,,,,,,,,,,,,,,,,,,,,,,,,,,,,,,,,,,,,,,,,,,,,,,,,,,,,,,,,,,,,,,,,,,,,,,,,,,,,,,,,,,,,,
,EMB10,,Wednesday/Saturday- Intermediate,,,,,,,,,,,,,,,,,,,,,,,,,,,,,,,,,,,,,,,,,,,,,,,,,,,,,,,,,,,,,,,,,,,,,,,,,,,,,,,,,,,,,,,,,,,,,,,,,,,,,,,,,,,,,,,,,,,,,,,,
,EMB11,,Wednesday/Saturday- Advanced,,,,,,,,,,,,,,,,,,,,,,,,,,,,,,,,,,,,,,,,,,,,,,,,,,,,,,,,,,,,,,,,,,,,,,,,,,,,,,,,,,,,,,,,,,,,,,,,,,,,,,,,,,,,,,,,,,,,,,,,
,EMB12,,Wednesday/Saturday- Expert,,,,,,,,,,,,,,,,,,,,,,,,,,,,,,,,,,,,,,,,,,,,,,,,,,,,,,,,,,,,,,,,,,,,,,,,,,,,,,,,,,,,,,,,,,,,,,,,,,,,,,,,,,,,,,,,,,,,,,,,
,EMB13,,Sunday- Novice,,,,,,,,,,,,,,,,,,,,,,,,,,,,,,,,,,,,,,,,,,,,,,,,,,,,,,,,,,,,,,,,,,,,,,,,,,,,,,,,,,,,,,,,,,,,,,,,,,,,,,,,,,,,,,,,,,,,,,,,
,EMB14,,Sunday- Intermediate,,,,,,,,,,,,,,,,,,,,,,,,,,,,,,,,,,,,,,,,,,,,,,,,,,,,,,,,,,,,,,,,,,,,,,,,,,,,,,,,,,,,,,,,,,,,,,,,,,,,,,,,,,,,,,,,,,,,,,,,
,EMB15,,Sunday- Advanced,,,,,,,,,,,,,,,,,,,,,,,,,,,,,,,,,,,,,,,,,,,,,,,,,,,,,,,,,,,,,,,,,,,,,,,,,,,,,,,,,,,,,,,,,,,,,,,,,,,,,,,,,,,,,,,,,,,,,,,,
,EMB16,,Sunday- Expert,,,,,,,,,,,,,,,,,,,,,,,,,,,,,,,,,,,,,,,,,,,,,,,,,,,,,,,,,,,,,,,,,,,,,,,,,,,,,,,,,,,,,,,,,,,,,,,,,,,,,,,,,,,,,,,,,,,,,,,,
TRAINING FIELD,TRF1,7,MON Archer Training Ground- Nov,???,10AP,1610,,,,,,,,,,,,,,,,,,,,,,,,,,,197.2,,,,,,,,,,,,92.5,41.1,272.4,190.1,,,,,,,,,,,,,,,,,,,,,7.4,,,,,,,536.7,,,,,,,44.0,,,,,,,,,,,,,,,,,,,,,,,,,,,,,,,,,,,,,,,,
,TRF2,6,MON Archer Training Ground- Int,???,20AP,1126,,,,,,,,,,,,,,,,,,,132.1,,,,2790.0,,,,192.5,,,,,,,,,,,,250.8,65.7,1577.1,135.3,,,,,,,,,,,,,,53.0,,,,,,,14.7,,,,,,,304.3,,,,,,,29.5,,,,,,,,,,,,,,,,,,,,,,,,,,,,,,,,,,,,,,,,
,TRF3,5,MON Archer Training Ground- Adv,???,30AP,1260,,,,,,546.1,,,,,,,,,,,,,201.8,,,,328.2,,,,223.7,,,,,,,,,,,,258.9,,,146.5,,,,,,,199.7,,,,,,,19.6,,,,,,,154.0,,,,,,,87.8,,,,,,,28.1,,,,,,,,,,,,,,,,,,,,,,,,,,,,,,,,,,,,,,,,
,TRF4,4,MON Archer Training Ground- Exp,???,40AP,10115,,,,,,315.5,,,,,,,,,,,,,211.7,,,,198.8,,,,208.0,,,,,,,,,,,,222.4,,,165.7,,,,,,,134.6,,,,,,,33.4,,,,,,,209.0,,,,,,,69.2,,,,,,,49.3,,,,,,,,,,,,,,,,,,,,,,,,,,,,,,,,,,,,,,,,
,TRF5,11,TUE Lancer Training Ground- Nov,???,10AP,1961,,,,,,,,,,,,,,,,,,,,,,,,,,205.7,,,,,,,,,,,,,83.8,37.8,,186.7,,,,,,,,,,,,,,,,,,,,,,8.5,,,,,,,417.7,,,,,,,42.6,,,,,,,,,,,,,,,,,,,,,,,,,,,,,,,,,,,,,,,
,TRF6,10,TUE Lancer Training Ground- Int,???,20AP,1051,,,,,,,,,,,,,,,,,,,165.5,,,,,,,198.3,,,,,,,,,,,,,253.3,107.8,,132.2,,,,,,,,,,,,,,,33.5,,,,,,,17.2,,,,,,,241.6,,,,,,,28.2,,,,,,,,,,,,,,,,,,,,,,,,,,,,,,,,,,,,,,,
,TRF7,9,TUE Lancer Training Ground- Adv,???,30AP,1073,,,,,511.0,,,,,,,,,,,,,,157.0,,,,349.9,,,166.8,,,,,,,,,,,,,189.2,,,143.7,,,,,,,,180.8,,,,,,,20.1,,,,,,,172.1,,,,,,,87.0,,,,,,,30.3,,,,,,,,,,,,,,,,,,,,,,,,,,,,,,,,,,,,,,,
,TRF8,8,TUE Lancer Training Ground- Exp,???,40AP,6290,,,,,311.9,,,,,,,,,,,,,,155.4,,,,362.7,,,189.8,,,,,,,,,,,,,205.9,,,171.2,,,,,,,,146.6,,,,,,,33.7,,,,,,,215.7,,,,,,,72.7,,,,,,,51.5,,,,,,,,,,,,,,,,,,,,,,,,,,,,,,,,,,,,,,,
,TRF9,15,WED Berserker Training Ground- Nov,???,10AP,1000,,,,,,,,,,,,,,,,,,,,,190.2,,,,,,,,,,,,,,,,,,90.5,,,263.3,,,,,,,,,,,,,,,,,,,,,,,,,,7.5,,,,,,,632.0,,,,,,,53.3,,,,,,,,,,,,,,,,,,,,,,,,,,,,,,,,,,,
,TRF10,14,WED Berserker Training Ground- Int,???,20AP,1018,598.8,,,,,,,,,,,,,,,,,,,,172.5,,,,,,,,,,,,,,,,,,333.8,,,105.5,,,,,,,,,,,,,,,,,,,31.7,,,,,,,15.7,,,,,,,251.4,,,,,,,28.8,,,,,,,,,,,,,,,,,,,,,,,,,,,,,,,,,,,
,TRF11,13,WED Berserker Training Ground- Adv,???,30AP,1000,389.6,,,,,,,,,,,,,,,,,,,,241.9,,,,,,,,,,,,,,,,,,223.9,,,153.8,,,,,,,,,,,,238.1,,,,,,,22.0,,,,,,,182.9,,,,,,,76.1,,,,,,,29.0,,,,,,,,,,,,,,,,,,,,,,,,,,,,,,,,,,,
,TRF12,12,WED Berserker Training Ground- Exp,???,40AP,3145,487.0,,,,,,,,,,,,,,,,,,,,255.0,,,,,,,,,,,,,,,,,,169.6,,,173.2,,,,,,,,,,,,166.5,,,,,,,35.5,,,,,,,240.5,,,,,,,72.4,,,,,,,46.4,,,,,,,,,,,,,,,,,,,,,,,,,,,,,,,,,,,
,TRF13,19,THU Rider Training Ground- Nov,???,10AP,1000,,,,,,,,,,,,,,,,,,,,,,,,,,,199.6,,,,,,,,,,,,,,61.6,293.5,,,,,,,,,,,,,,,,,,,,,,,8.4,,,,,,,575.3,,,,,,,44.5,,,,,,,,,,,,,,,,,,,,,,,,,,,,,,,,,,,,,,
,TRF14,18,THU Rider Training Ground- Int,???,20AP,1106,,,,,,,,,,,,,,,,,,,,,,,,,,,189.1,,,,,,,,,,,,,,78.2,130.5,,,,,,,,,,,,,,,,21.6,,,,,,,22.1,,,,,,,282.1,,,,,,,28.3,,,,,,,,,,,,,,,,,,,,,,,,,,,,,,,,,,,,,,
,TRF15,17,THU Rider Training Ground- Adv,???,30AP,2151,,,1019.5,,,,,,,,,,,,,,,,,,,,,,,,198.9,,,,,,,,,,,,,,65.6,233.0,,,,,,,,,125.1,,,,,,,24.8,,,,,,,127.5,,,,,,,81.3,,,,,,,28.8,,,,,,,,,,,,,,,,,,,,,,,,,,,,,,,,,,,,,,
,TRF16,16,THU Rider Training Ground- Exp,???,40AP,4052,,,542.1,,,,,,,,,,,,,,,,,,,,,,,,206.5,,,,,,,,,,,,,,85.7,241.5,,,,,,,,,101.2,,,,,,,42.1,,,,,,,180.7,,,,,,,68.6,,,,,,,51.6,,,,,,,,,,,,,,,,,,,,,,,,,,,,,,,,,,,,,,
,TRF17,23,FRI Caster Training Ground- Nov,???,10AP,2983,,,,,,,,,,,,,,,,,,,,,,125.8,,,210.2,,,,,,,,,,,,,,,,,74.7,,,,,,,,,,,,,,,,,87.5,,,,,,,8.1,,,,,,,530.4,,,,,,,30.8,,,,,,,,,,,,,,,,,,,,,,,,,,,,,,,,,,,,,
,TRF18,22,FRI Caster Training Ground- Int,???,20AP,1056,,,,,,,,,,,,,,,,,,,,,,135.5,,,207.6,,,,,,,,,,,,,,,,,95.3,,,,,,,,,,,,,,,,,25.5,,,,,,,20.6,,,,,,,294.1,,,,,,,24.1,,,,,,,,,,,,,,,,,,,,,,,,,,,,,,,,,,,,,
,TRF19,21,FRI Caster Training Ground- Adv,???,30AP,1394,,783.4,,,,,,,,,,,,,,,,,,,,133.4,,,192.1,,,,,,,,,,,,,,,,,141.1,,,,,,,,,,131.2,,,,,,,17.5,,,,,,,670.8,,,,,,,92.6,,,,,,,31.1,,,,,,,,,,,,,,,,,,,,,,,,,,,,,,,,,,,,,
,TRF20,20,FRI Caster Training Ground- Exp,???,40AP,12077,,634.8,,,,,,,,,,,,,,,,,,,,161.4,,,194.2,,,,,,,,,,,,,,,,,162.5,,,,,,,,,,52.6,,,,,,,44.0,,,,,,,371.6,,,,,,,70.1,,,,,,,49.3,,,,,,,,,,,,,,,,,,,,,,,,,,,,,,,,,,,,,
,TRF21,27,SAT Assassin Training Ground- Nov,???,10AP,1128,,,,,,,,,,,,,,,,,,,,372.5,,,,107.9,,,,,,,,,,,,,,,,,77.3,87.4,,,,,,,,,,,,,,,,,,,,,,,,,7.6,,,,,,,401.2,,,,,,,35.3,,,,,,,,,,,,,,,,,,,,,,,,,,,,,,,,,,,,
,TRF22,26,SAT Assassin Training Ground- Int,???,20AP,1000,,,,,,,,,,,,,,,,,,,241.5,827.8,,,,210.5,,,,,,,,,,,,,,,,,113.0,118.3,,,,,,,,,,,,,,,,,,18.4,,,,,,,23.9,,,,,,,272.2,,,,,,,29.5,,,,,,,,,,,,,,,,,,,,,,,,,,,,,,,,,,,,
,TRF23,25,SAT Assassin Training Ground- Adv,???,30AP,1209,,,,,,,510.8,,,,,,,,,,,,191.9,186.0,,,,188.9,,,,,,,,,,,,,,,,,302.3,228.1,,,,,,,,,,,196.1,,,,,,,20.5,,,,,,,189.9,,,,,,,80.8,,,,,,,29.3,,,,,,,,,,,,,,,,,,,,,,,,,,,,,,,,,,,,
,TRF24,24,SAT Assassin Training Ground- Exp,???,40AP,6919,,,,,,,333.0,,,,,,,,,,,,128.0,217.2,,,,4555.3,,,,,,,,,,,,,,,,,280.1,209.4,,,,,,,,,,,158.1,,,,,,,33.9,,,,,,,259.9,,,,,,,69.7,,,,,,,50.1,,,,,,,,,,,,,,,,,,,,,,,,,,,,,,,,,,,,
,TRF25,31,SUN Saber Training Ground- Nov,???,10AP,29049,,,,,,,,,,,,,,,,,,,,,,,,219.9,,,,,213.3,,,,,,,,,,110.0,42.5,275.5,200.8,,,,,,,,,,,,,,,,,,,,8.0,,,,,,,483.0,,,,,,,45.6,,,,,,,,,,,,,,,,,,,,,,,,,,,,,,,,,,,,,,,,,
,TRF26,30,SUN Saber Training Ground- Int,???,20AP,1062,,,,,,,,,,,,,,,,,,,153.9,,,,,230.9,,,,,206.2,,,,,,,,,,183.8,,,125.7,,,,,,,,,,,,,25.3,,,,,,,17.9,,,,,,,255.9,,,,,,,28.9,,,,,,,,,,,,,,,,,,,,,,,,,,,,,,,,,,,,,,,,,
,TRF27,29,SUN Saber Training Ground- Adv,???,30AP,3856,,,,776.4,,,,,,,,,,,,,,,124.8,,,,173.4,209.9,,,,,192.8,,,,,,,,,,215.4,,,149.8,,,,,,599.4,,,,,,,22.4,,,,,,,116.5,,,,,,,86.6,,,,,,,30.1,,,,,,,,,,,,,,,,,,,,,,,,,,,,,,,,,,,,,,,,,
,TRF28,28,SUN Saber Training Ground- Exp,???,40AP,27682,,,,498.8,,,,,,,,,,,,,,,149.7,,,,377.3,196.1,,,,,194.8,,,,,,,,,,212.0,,,177.6,,,,,,144.4,,,,,,,34.4,,,,,,,169.7,,,,,,,74.4,,,,,,,54.7,,,,,,,,,,,,,,,,,,,,,,,,,,,,,,,,,,,,,,,,,
FUYUKI,FUY1,34,Unknown Coordinates X-A,X-A?????,3AP,636087,,,,,,,,,,,,,,,,,,,,,,,,,,,,,,,,,,,,,,,,40.3,,,,,,,,,,,,,,,,,,,,,,20.2,,,,,,,,,,,,,,,,,,,,,,,,,,,,,,,,,,,,,,,,,,,,,,,,,,,,,,,
,FUY2,35,Unknown Coordinates X-B,X-B?????,4AP,2479,,,,,,,,,,,,,,,,,,,,,,,,,,,,,,,,,,,,,,,,29.1,,,,,,,,,,,,,,,,,,,,,,28.3,,38.3,,,,,,,,,,,,,,,,,,,,,,,,,,,,,,,,,,,,,,,,,,,,,,,,,,,,,
,FUY3,36,Unknown Coordinates X-C,X-C????,4AP,58841,,,,,,,,,,,,,,,,,,,,,,,,,,,,,,,,,,,,,,,,22.4,,,,,,,,,,,,,,,,,,,,,,20.4,,26.7,,,,,,,,,,,,,,,,,,,,,,,,,,,,,,,,,,,,,,,,,,,,,,,,,,,,,
,FUY4,37,Unknown Coordinates X-D,X-D???,5AP,2305,,,,,,,,,,,,,,,,,,,,,,,,,,,,,,,,,,,,,,,,24.3,,,,,,,,,,,,,,,,,,,,,,21.5,25.0,,,,,,,,,,,,,,,,,,,,,,,,,,,,,,,,,,,,,,,,,,,,,,,,,,,,,,
,FUY5,38,Unknown Coordinates X-E,X-E????,5AP,3365,,,,,,,,,,,,,,,,,,,,,,,,,,,,,,,,,,,,,,,,30.2,,110.0,,,,,,,,,,,,,,,,,,,,27.0,47.1,,,,,,,,,,,,,,,,95.1,,,,,,,,,,,,,,,,,,,,,,,,,,,,,,,,,,,,,,
,FUY6,39,Unknown Coordinates X-F,X-F????,6AP,7300,,,,,,,,,,,,,,,,,,,,,,,,,,,,,,,,,,,,,,,,35.3,,75.5,,,,,,,,,,,,,,,,,,,,39.4,39.8,,,,,,,,,,,,,,,122.9,,,134.8,,,,,,,,,,,,,,,,,,,,,,,,,,,,,,,,,,,,
,FUY7,40,Unknown Coordinates X-G,X-G???????,15AP,135227,,,,,,,,,,,,,,,,,,,,,,,,,,,,,,,,,,,,,,,,23.5,,,,,,,,,,,,,,,,,,,,,,163.6,334.8,83.5,,,,,,,,,,,,,,,,,,,,,,,,,,,,,,,,,,,,,,,,,,,,,,,,,,,,,
,FUY8,41,Mobile Coordinate No.0,?????0??????,7AP,1113,,,,,,,,,,,,,,,,,,,,,,,,,,,,,,,,,,,,,,,,,67.2,76.4,,,,,,,,,,,,,,,,,,,,144.3,114.6,,,,38.2,,,,,,,,,77.9,,,,,,,,,,,,,,,,,,,,,,,,,,,,,,,,,,,,,,,,,
ORLEANS,ORL1,42,Domremy,????,7AP,1532,,,,,,,,,,,,,,,,,,,,,,,,,,,,,,,,,,,,,,,34.0,,,,,,,,,,,,,,,,,,,,,,,26.3,,65.9,,,,,,,,,,,,,,,,,,,,,,,,,,,,,,,,,,,,,,,,,,,,,,,,,,,,,
,ORL2,43,Vaucouleurs,???????,7AP,1014,,,,,,,,,,,,,,,,,,,,,,,,,,,,,,,,,,,,,,,,124.5,79.8,,,,,,,,,,,,,,,,,,,,,71.0,,,39.2,,,,,,,,,,,,,,,,,,,,,,,,,,,,,,,,,,,,,,,,,,,,,,,,,,,,
,ORL3,44,La Charite,??????,7AP,1020,,,,,,,,,,,,,,,,,,,,,,,,,,,,,,,,,,,,,,,121.0,,60.5,,,,,,,,,,,,,,,,,,,,,,,64.9,21.0,,,,,,,,,,,,,,,,,,,,,,,,,,,,,,,,,,,,,,,,,,,,,,,,,,,,
,ORL4,45,Jura,???,7AP,2132,,,,,,,,,,,,,,,,,,,138.2,,,,,,,,,,,,,,,,,,,,,,140.8,91.6,,,,,,,,,,,,,,,,,,,,45.6,,45.9,41.9,,89.9,,,,,,,,,,,,67.8,,,,,,,,,,,,,,,,,,,,,,,,,,,,,,,,,,,,,,
,ORL5,46,Lyon,???,7AP,1113,,,,,,,,,,,,,,,,,,,,,,,,,,,,,,,,,,,,,,,37.6,,,100.7,,,,,,,,,,,,,,,,,,,,27.0,,71.5,,,,,,,,,,,,,,,,,62.8,,,,,,,,,,,,,,,,,,,,,,,,,,,,,,,,,,,,
,ORL6,47,Marseille,?????,7AP,1680,,,,,,,,,,,,,,,,,,,,,,,,,,,,,,,,,,,,,,,23.5,,,,,,,,,,,,,,,,,,,,,,,32.8,,27.3,,,,,,,,,,,,,,,,,,,,,,,,,,,,,,,,,,,,,,,,,,,,,,,,,,,,,
,ORL7,48,Thiers,?????,7AP,1515,,,,,,,,,,,,,,,,,,,,,,,,,,,,,,,,,,,,,,,,,49.6,77.8,,,,,,,,,,,,,,,,,,,,,,,20.2,,,,,,,,,,,,,,,,,79.7,,,,,,,,,,,,,,,,,,,,,,,,,,,,,,,,,,,
,ORL8,49,Bordeaux,????,7AP,1259,,,,,,,,,,,,,,,,,,,88.1,,,,,,,,,,,,,,,,,,,,,,,,,,,,,,,,,,,,,,,,,,,84.7,,20.8,,,29.9,,,,,,,,,,,,,,,,,,,,,,,,,,,,,,,,,,,,,,,,,,,,,,,,,,
,ORL9,50,Orleans,?????,8AP,1211,,,,,,,,,,,,,,,,,,,,,,,,,,,,,,,,,,,,,,,,61.3,76.3,90.5,,,,,,,,,,,,,,,,138.4,,,,,,81.4,52.9,,,,,,,,,,,,,,,83.5,,,,,,,,,,,,,,,,,,,,,,,,,,,,,,,,,,,,,
,ORL10,51,Paris,??,13AP,1143,,,,,,,,,,,,,,,,,,,,,,,,,,,,,,,,,,,,,,,,82.1,132.7,158.1,,,,,,,,,,,,,,,,251.8,,,,,95.9,,127.0,,,,,,,,,,,646.0,589.5,1143.0,,,,,,,,,,,,,,,,,,,,,,,,,,,,,,,,,,,,,,,
SEPTEM,SEP1,52,Appia Road,??????,9AP,1110,,,,,,,,,,,,,,,,,,,,,,,,,,,,,,,,,,,,,,,25.9,,,113.5,,,,,,,,,,,,,,,,,,,,64.5,64.5,104.1,,,,,,,,,,,,,,,,,,92.5,,,,,,,,,,,,,,,,,,,,,,,,,,,,,,,,,,,
,SEP2,53,Rome,???,9AP,1797,,,,,,,,,,,,,,,,,,,,,,,,,,,,,,,,,,,,,,,39.5,,,,,,,,,,,,,,,,,,,,,,,36.6,,84.2,,,,,,,,,,,,,,,,,,,,,,,,,,,,,,,,,,,,,,,,,,,,,,,,,,,,,
,SEP3,54,Mt. Etna,?????,9AP,1102,,,,,,,,,,,,,,,,,,,,110.2,,,,,,,,,,,,,,,,,,,,,,,,,,,,,,,,,,,,,,,,,,,,,,,26.9,,,,,,,,,,,,,,,,,,,,,,,,,,,,,,,,,,,,,,,,,,,,,,,,,,
,SEP4,55,Florence,???????,9AP,1121,,,,,,,,,,,,,,,,,,,,,,,,,,,,,,,,,,,,,,,29.2,,,,,,,,,,,,,,,,,,,,,,,180.2,35.5,87.7,,,,,,,,,,,,,,,,,,,,,,,,,,,,,,,,,,,,,,,,,,,,,,,,,,,,,
,SEP5,56,Mediolanum,???????,9AP,1101,,,,,,,,,,,,,,,,,,,,,,,,,,,,,,,,,,,,,,,25.8,,,,,,,,,,,,,,,,,,,,,,,56.3,,44.8,,,,,,,,,,,,,,,,,,,,,,,,,,,,,,,,,,,,,,,,,,,,,,,,,,,,,
,SEP6,57,Germania,?????,15AP,1991,506.2,,,,,,,,,,,,,,,,,,,,,,,,,,,,,,,,,,,,,,,30.9,,,,,,,,,,,,,,,,,,,,,195.6,98.1,308.3,150.1,,,,,,,,,,,,,,,,,,,,,,,,,,,,,,,,,,,,,,,,,,,,,,,,,,,,,
,SEP7,58,Massilia,?????,9AP,1103,,,,,,,,,,,,,,,,,,,,,,,,,,,,,,,,,,,,,,,64.0,,,55.2,,,,,,,,,,,,,,,,,,,,86.3,,107.9,,,,,,,,,,,,,,,87.8,,,88.6,,,,,,,,,,,,,,,,,,,,,,,,,,,,,,,,,,,
,SEP8,59,Gaul,???,9AP,1160,,,,,,,,,,,,,,,,,,,,,151.3,,,,,,,,,,,,,,,,,,60.3,,,113.5,,,,,,,,,,,,,,,,,,,,,98.5,73.5,,,,54.9,,,,,,,,96.7,,,,,,,,,,,,,,,,,,,,,,,,,,,,,,,,,,,,,,,,,
,SEP9,60,Britannia,?????,10AP,1135,,,,,,,,,,,,,,,,,,,85.3,,,,,,,,,,,,,,,,,,,,,,,,,,,,,,,,,,,,,,,,,,,39.7,,40.7,,,61.4,,,,,,,,,,,,,,,,,,,,,,,,,,,,,,,,,,,,,,,,,,,,,,,,,,
,SEP10,61,Shaped Isle,????,9AP,1006,,,,,,,,,,,,,,,,,,,,,,,,,,,,,,,,,,,,,,,,47.7,,106.5,,,,,,,,,,,,,,,,,,,,,37.9,164.6,,,,,,,,,,,,,,,,,,93.3,,,,,,,,,,,,,,,,,,,,,,,,,,,,,,,,,,,
,SEP11,62,Alliance Capital,????,10AP,1175,,,,,,,,,,,,,,,,,,,,,405.2,,,,,,,,,,,,,,,,,,55.7,,,127.7,,,,,,,,,,,,,,,,,,,,221.7,92.5,,,,,80.5,,,,,,,,,,,,,,90.4,,,,,,,,,,,,,,,,,,,,,,,,,,,,,,,,,,,
OKEANOS,OKN1,65,Pirate Ship,???,12AP,6605,,,,,,,,,,,,,,,,,,,,,,,,,,,,,,,,,,,,,,,20.5,,,,,,,,,,,,,,,,,,,,,,,59.5,46.9,,,,,,,,,,,,,,,,,,,,,,,,,,,,,,,,,,,,,,,,,,,,,,,,,,,,,,
,OKN2,66,Pirate Island,???,13AP,1260,,,,,,,,,,,,,,,,,,,,,,,,,,,,,,,,,,,,,,,23.2,,,113.0,,,,,,,,,,,,,,,,,,,,,52.7,,,,,79.1,,,,606.7,,,,,,,131.0,,,,,,,,,,,,,,,,,,,,,,,,,,,,,,,,,,,,,,
,OKN3,67,King's Abode Island,??????,13AP,1159,,,,,,,,,,,,,,,,,,,,,,,,,,,,,,,,,,,,,,,48.4,,,101.8,,,,,,,,,,,,,,,,,,,,,88.6,,,,,121.5,,,,,,,643.8,,,,,,,115.7,,,,,,,,,,,,,,,,,,,,,,,,,,,,,,,,,,,
,OKN4,68,Mapped Island,????????,13AP,1836,,,,,,,,,,,,,,,,,,,,,,,,,,,,,,,,,,,,,,,,,35.2,98.6,,,,,,,,,,,,,,,,,,,,49.7,80.3,,,,,,,,,,,,800.2,,,,,,,136.1,,,,,,,,,,,,,,,,,,,,,,,,,,,,,,,,,,,
,OKN5,69,Sunken Rock Seas,????,17AP,1278,,,,,,,,,,,,,,,,,,,,,,109.7,,,,,,,,,,,,,,,,,,46.8,,,,,,,,,,,,,,,,,,,74.0,,,,64.9,,,105.7,,,,,,,,,,,,,,,,,,,,,,,,,,,,,,,,,,,,,,,,,,,,,,,,,,,
,OKN6,70,Two-Current Sea,????,14AP,1250,,,,,,,,,,,,,,,,,,,,,125.9,,,,,,,,,,,,,,,,,,55.4,,,,,,,,,,,,,,,,,,,,,,309.6,,72.9,,,,,74.9,,,,,,,,,,,,,,,,,,,,,,,,,,,,,,,,,,,,,,,,,,,,,,,,,
,OKN7,71,Island of Wyverns,????,14AP,1447,,,,,,,,,,,,,,,,,,,,,,,,,,,,,,,,,,,,,,,,,28.3,,,,,,,,,,,,,,,,,279.4,,,,,,,33.4,,,,,,,,,,,,,,,,,,,,,,,,,,,,,,,,,,,,,,,,,,,,,,,,,,,,
,OKN8,72,Caldera Island,??????,17AP,1583,,,,,,,,,,,,,,,,,,,108.2,,,,,,,,133.9,,,,,,,,,,,,,,,,,,,,,,,,,,,,,,,,,,,43.5,,,49.8,,,,,,,,,,,,,,,,,,,,,,,,,,,,,,,,,,,,,,,,,,,,,,,,,,,,
,OKN9,73,Stormy Seas,????,15AP,1905,,,,,,,,,,,,,,,,,,,,70.0,,,,,,,,,,,,,,,,,,,,,,,,,,,,,,,,,,,,,,,,,,,,,,,30.0,,,,,,,,,,,,,,,,,,,,,,,,,,,,,,,,,,,,,,,,,,,,,,,,,,
,OKN10,74,Archipelago (Quiet Bay),??????????,15AP,1130,,,,,,,,,,,,,,,,,,,,,,,,,,,,,,,,,,,,,,,80.7,,122.8,59.9,,,,,,,,,,,,,,,,,,,,47.9,,,,,,,,,,,506.3,,675.0,,,,,160.4,,151.4,,,,,,,,,,,,,,,,,,,,,,,,,,,,,,,,,,,
,OKN11,75,Archipelago (Hidden island),?????????,16AP,1110,,,,,,,,,,,,,,,,,,,,,,,,,,,,,60.4,,,,,,,,,,,,,,,,,,,,,,,,,,301.0,,,,,,,34.2,,,,,,,,,,,,,,,,,,,,,263.7,,,,,,,,,,,,,,,,,,,,,,,,,,,,,,,,,,
,OKN12,76,Bountiful Sea,????,18AP,18199,,,,,,,,,,,,,,,,,,,60.0,,,,191.1,,,,,,,,,,,,,,,,,,,,,,,,,,,,,,,,,180.5,352.6,,,,,111.7,,77.7,,,,,,,,,,,,,,,,,,,,,,,,,,,,,,,,,,,,,,,,,,,,,,,,,,,,,
LONDON,LDN1,77,Old Street,?????????,15AP,1100,,,,,,,,,,,,,,,,,,,,,,,,123.1,,,,,,,,,,,,,,,,,,,,,,,,,,,,,,,,,,,,,,,,,,,26.1,,,,,,,,,,,,,,,,,,,,,,,,,,,,,,,,,,,,,,,,,,,,,,,,,,
,LDN2,78,White Chapel,????????,15AP,1129,,,,,,,,,,,,,,,,,,,,,,,,130.3,,,,,,,,,,,,,,,,,,138.8,,,,,,,,,,,,,,,,,,333.2,,,,,,,36.0,,,,,,,891.3,,,,,,,167.7,,,,,,,,,,,,,,,,,,,,,,,,,,,,,,,,,,,,
,LDN3,79,City of London,???????????,15AP,1102,,,,,,,,,,,,,,,,,,,,,,,,,,131.2,,,,,,,,,,,,,,,,,,,,,,,,,,,,,,,,,,,,,,26.5,,,,,,,,,,,,,,,,,,,,,,,,,,,,,,,,,,,,,,,,,,,,,,,,,,,,,
,LDN4,80,Soho,????,16AP,1106,,,,,,,,,,,,,,,,,,,,,,,,276.5,,175.2,,,,,,,,,,,,,,,,97.2,,,,,,,,,,,,,,,333.9,,,272.2,,,,245.8,,,171.8,,,,,,340.3,,,,,,,186.3,,,,,,,,,,,,,,,,,,,,,,,,,,,,,,,,,,,,,
,LDN5,81,Westminster,?????????,16AP,1113,,,,,,,,,,,,,,,,,,,,,,,,,,133.9,,,,,,,,,,,,,,,,104.8,,,,,,,,,,,,,,,468.6,,,,,,,60.2,,,,,,,,,349.2,,,,,,,172.9,,,,,,,,,,,,,,,,,,,,,,,,,,,,,,,,,,,,,
,LDN6,82,Regent Park,?????????,16AP,1100,,,,,,,,,,,,,,,,,,,,,,,,160.0,345.1,,,,,,,,,,,,,,,,,,,,,,,,,,,,,,270.8,,,,,,,69.8,,,,75.2,,,,,,,,,,,,,,,,,,,,,,,,,,,,,,,,,,,,,,,,,,,,,,,,,,,
,LDN7,83,Clerkenwell,????????,18AP,4808,,,,,,,,,,,,,,,,,,,,,,,,72.2,,,,,,,,,,,,,,,,51.5,,,,,,,,,,,,,603.8,,,,,,,118.4,,89.7,,,,,242.2,,,,,,,,,,,,,,,,,,,,,,,,,,,,,,,,,,,,,,,,,,,,,,,,,,
,LDN8,84,Southwark,????,19AP,9457,,,,,,,,,,,,,,,,,,,,,,,,,,62.7,,,,,,,,,,,,,,68.6,,,,,,,,,,,,,,,,,193.6,,,,,,129.4,58.4,,,,,,,,,,,,,,,,,,,,,,,,,,,,,,,,,,,,,,,,,,,,,,,,,,,,,
,LDN9,85,Hyde Park,??????,20AP,16230,,,,,,,,,,,,,,,,,,,,,,,,,73.9,,,,,,,,,,,,,,,54.3,,,,,,,,,,,,638.6,,,,,,,130.5,,,,,104.3,,234.7,,,,,,,,,,,,,,,,,,,,,,,,,,,,,,,,,,,,,,,,,,,,,,,,,,,
E PLURIBUS UNUM,EPU1,86,Black Hills,???????,17AP,1100,,,,,,,,,,,,,,,,,,,,,,,,103.9,,,,,,,,,,,,,,,,,,,,,,,,,,,,,,,,,,,,,,,41.8,,,,,,,,,,,,,,,,,,,,,,,,,,,,,,,,,,,,,,,,,,,,,,,,,,,,,,
,EPU2,87,Riverton,?????,17AP,1128,,,,,,,,,,,,,,,,,,,,,,,,,,,,,,,,,,,,,,,40.5,,,51.5,,,,,,,,,,,,,,,,,,,,127.0,325.0,330.6,,,,,,,217.9,,,,,,,81.9,,,,,,,,,,,,,,,,,,,,,,,,,,,,,,,,,,,,,,,
,EPU3,88,Denver,????,17AP,1152,,,,,,,,,,,,,,,,,,,,,,,,100.9,,,,,,,,,,,,,,,,,,138.9,,,,,,,,,,,,,,179.7,,,,,,,70.4,,,,,,,,810.6,,,,,,,158.4,,,,,,,,,,,,,,,,,,,,,,,,,,,,,,,,,,,,,,,
,EPU4,89,Deming,????,17AP,6486,,,,,,,,,,,,,,,,,,,,,,,,,,,,,,,,,,,,,,,,,27.2,,,,,,,,,,,,,,,,,203.6,,,,,,,47.9,,,,,,,,,,,,,,,,,,,,,,,,,,,,,,,,,,,,,,,,,,,,,,,,,,,,
,EPU5,90,Dallas,???,17AP,7709,,,,,,,,,,,,,,,,,,,,,,,,,,,,,,,,,,,,,,,25.6,,,,,,,,,,,,,,,,,,,,,,,,171.9,66.1,,,,,,,,,,,,,,,,,,,,,,,,,,,,,,,,,,,,,,,,,,,,,,,,,,,,,
,EPU6,91,Alcatraz,??????,18AP,1210,,,,,,,,,,,,,,,,,,,,,,,,,,,,,,,,,,,,,,,35.2,,,159.0,,,,,,,,,,,,,,,,,,,,315.7,,71.2,,,,,,,,,,,837.7,,,,,,,181.5,,,,,,,,,,,,,,,,,,,,,,,,,,,,,,,,,,,
,EPU7,92,Des Moines,????,18AP,23872,89.7,,,,,,,,,,,,,,,,,,195.2,,,,,,,,,,,,,,,,,,,,,,,112.9,,,,,,,,,,,,,,,,,,197.9,226.8,,,,,,,,,,372.5,,,,,,,198.7,,,,,,,,,,,,,,,,,,,,,,,,,,,,,,,,,,,,,,,
,EPU8,93,Montgomery,???????,18AP,4484,,,,,,,,,,,,,,,,,,,,,,,,,,,,,,,,,,,,,,,28.8,,,116.7,,,,,,,,,,,,,,,,,,,,,58.9,,,,,,,428.4,,,,,,,177.4,,,,,,,,,,,,,,,,,,,,,,,,,,,,,,,,,,,,,,,,
,EPU9,94,Lubbock,????,18AP,1005,,,,,,,145.9,,,,,,,,,,,,,,,,,,,,,,,,,,,,,,,,33.3,,,,,,,,,,,,,,,,,,,,,218.0,,84.5,155.9,,,,,,,,,,,,,,,,,,,,,,,,,,,,,,,,,,,,,,,,,,,,,,,,,,,,,,
,EPU10,95,Alexandria,????????,18AP,12696,,,,,,148.6,,,,,,,,,,,,,,,,,,,,,,,,,,,,,,,,,33.7,,,,,,,,,,,,,,,,,225.2,,,,,,121.4,374.6,178.5,,,,,,,,,,,,,,,,,,,,,,,,,,,,,,,,,,,,,,,,,,,,,,,,,,,,,
,EPU11,96,Kearney,????,18AP,2205,,,,,145.4,,,,,,,,,,,,,,,,,,,,,,,,,,,,,,,,,,32.5,,,,,,,,,,,,,,,,,,193.3,,,,,136.3,,116.6,,,,,,,,,,,,,,,,,,,,,,,,,,,,,,,,,,,,,,,,,,,,,,,,,,,,,
,EPU12,97,Charlotte,??????,20AP,358394,,,,,,,,,,,,,,,,,,,,,,,,,,,,,,,,,,,,,,,41.6,,,31.1,,,,,,,,,,,,,,,,,,,,,236.9,235.6,,464.6,,,,,573.0,,,,194.0,,,236.7,,,,79.6,,,,,,,,,,,,,,,,,,,,,,,,,,,,,,,,,,,
,EPU13,98,Washington,?????,20AP,1551,,,,242.3,,,,,,,,,,,,,,,,,,,,,,,,,,,,,,,,,,,37.9,,,,,,,,,621.4,,,,,,,,,,,,,,143.1,369.5,441.0,,339.7,,,,,,,,,,,,,,,,,22.8,,,,,,,,,,,,,,,,,,,,,,,,,,,,,,,,,,
,EPU14,99,Chicago,???,21AP,3494,,,,,,,,,,,,,,,,,,,,,,,,52.0,,,,,,,,,,,,,,,,,,,,,,,,,549.2,,,,,,,129.0,,,,,,,91.4,,,,,,,,,,,,,,,,,,,,,,,,,,,,,,,,,,,,,,,,,,,,,,,,,,,,,,
CAMELOT,CML1,102,Sandstorm Desert,?????,19AP,70842,,,,,,,,,233.6,,,,,,,,,,,,,,,,,,,,,,,,,,,,,,,30.1,,,,,,,,,,,,616.1,,,,,,,,,,161.3,194.7,191.1,,,,,,,,,,,,,,,,,,,,,,,21.7,,,,,,,,,,,,,,,,,,,,,,,,,,,,,,
,CML2,103,Dune of Dawn,?????,19AP,1102,,,,,,,,174.5,,,,,,,,,,,,,,136.0,,,,,,,,,,,,,,,,,,,,,,,,,,,,,,,,,,,,,42.9,,,,,,,119.0,,,,,,,,,,,,,,,,,,,,,23.5,,,,,,,,,,,,,,,,,,,,,,,,,,,,,,
,CML3,104,Wastelands of Death,????,19AP,16747,,,,,,,,,,,,,,,,,,,,,,,,,,,,,,,,,,,,,,,,,,,29.2,,,,,,,,,,,,,,,,,,,,,,,,94.6,124.0,,,,,,,,,,,,,,,,,,,,,,,,,,,,,,,,,,,,,,,,,,,,,,,,,
,CML4,105,East Village,???,19AP,1404,,,,,115.0,,,,,,,,,,,,,,,,,,,,,,,,,,,,,,,,,,,,46.3,,,,,,,,,,,,,,,,233.4,,,,,,,,50.1,,,,,,,,,,,,,,,,,,,,,,,,,,,,,,,,,,,,,,,,,,,,,,,,,,,,
,CML5,106,Fortress of the Round Table,????,19AP,3427,,,,,,,,,,,,,,,,,,,,,,,,,,,,105.0,,,,,,,,,,,43.1,,,,,,,,,,,,,,,,183.2,,200.5,,,,,193.0,,130.3,,,,,,,,,,,,,,,,,,,189.5,,195.6,,,,,,,,,,,,,,,,,,,,,,,,,,,,,,,,
,CML6,107,Mausoleum of the Evening Bell,???,19AP,2303,,,,,,,,,,,,,,,,,,,,59.2,,,,,,,,,,,,,,,,,,,,,,,,,,,,,,,,,,,,,,,,829.7,,,,,,,38.1,,,,,,,,,,,,,,,,,,,,,,,,,,,,,,,,,,,,,,,,,,,,,,,,,,
,CML7,108,West Village Ruins,????,20AP,1370,,,,,,,,,,,,,,,,,,,,,,,,,,,,,,,,,,,,,,,,,,42.5,,,,,,,,,,,,,,,,,,,,,,,,,43.6,,,,,,,472.9,,,,,,,217.4,,,,,,,,,,,,,,,,,,,,,,,,,,,,,,,,,,,,
,CML8,109,Atlas Institute,?????,20AP,1106,,,,,,,,,,,,,,,,,,,,,,,,97.4,248.5,,,,,,,,,,,,,,,,,,,,,,,,,,,,,,,120.9,,,127.2,,,,135.8,,,,,,,,,,,,,,,,,,,,,139.5,,,,,,,,,,,,,,,,,,,,,,,,,,,,,,,,,
,CML9,110,Main Gate,????,20AP,50897,,,,,,,,,,,,,,,,,,,,,,,,,,,,66.3,,,,,,,,,,,,,,,,,,,,,,,,,,,193.1,374.9,190.9,,,,,,,,,,,,,,,,,,,,,,,,,,223.2,457.3,241.1,,,,,,,,,,,,,,,,,,,,,,,,,,,,,,,,
,CML10,111,Holy City,????,20AP,28629,,,,166.3,,,,,,,,,,,,,,,,,73.1,,,,,,,,,,,,,,,,,,55.9,,,,,,,,,610.3,,,,,,218.3,,,,,,,,391.3,,199.7,,,,,,,,,,,,,,,,,,,24.8,,,,,,,,,,,,,,,,,,,,,,,,,,,,,,,,,,
,CML11,112,Hidden Village,???,21AP,123673,,,,,,,,130.2,,,,,,,,,,,,,,,,,,,,,,,,,,,,,,,,,,,69.1,,,,,,,,,,,,,,,,266.7,,,,,,,,210.9,429.2,,,,,,,,,,,,,,,,,,,29.5,,,,,,,,,,,,,,,,,,,,,,,,,,,,,,
,CML12,113,Royal Castle,??,21AP,100000,,,,,,,,,,,,,,,,,,,,,,,,,,,,59.5,,,,,,,,,,,,,,131.6,,,,,,,,,,,,,86.1,,,,,,,,,,,,,,510.1,,,,,,,209.8,,,,,,,94.6,,,,,,,,,,,,,,,,,,,,,,,,,,,,,,,,,,
,CML13,114,Land of the Void,????,22AP,4857,,,,,,,,,,,,,,,,,,,,,,,,,,,49.2,,,,,,,,,,,,,,,,,,,,,,674.0,,346.8,,,,,,,502.4,,395.8,,,255.5,,143.9,,,,,,,,,,,,,,,,,,,,,,,,,,,,,,,,,,,,,,,,,,,,,,,,,,,,
,CML14,115,Great Temple,???,22AP,42852,,,,,,,,,181.6,,,,,,,,,,,,,,,,,,,,,,,,,,,,,,,,,,51.9,,,,,,,,,364.9,,,,,,,,,,,,,,,464.5,147.0,,,,,,,,,,,,,,,,,,,13.5,,,,,,,,,,,,,,,,,,,,,,,,,,,,,,
BABYLONIA,BBL1,116,Fallen Babylon,??????,20AP,13741,,,,,,,,,,,,,,,,,,,40.3,,,,,,,,,,,,,,,,,,,,,,,,,,,,,,,,,,,,,,,,,,,,,,44.1,,,,,,,,,,,,,,,,,,,,,,,,,,,,,,,,,,,,,,,,,,,,,,,,,,,,
,BBL2,117,Northern Hill,????,20AP,14135,,,,,,,113.2,,,,,,,,,,,,80.2,,,,,,,,,,,,,,,,,,,,,,,,,,,,,,,,,,,,,,,,,250.4,,,,,83.0,,,,,,,,,,,,,,,,,,,,,,,548.2,,,,,,,,,,,,,,,,,,,,,,,,,,,,,
,BBL3,118,Black Cedar Forest,?????,20AP,1916,,,,,,,,,,150.9,,,,,,,,,58.6,,,,,,,,,,,,,,,,,,,,,,,,,,,,,,,,,,,,,,,232.0,,,,,,,59.1,,,,,,,,,,,,,,,,,,,,,569.2,,,,,,,,,,,,,,,,,,,,,,,,,,,,,,,
,BBL4,119,Plateau,??,20AP,13305,,,,,,,,,,,,,,,,,,,78.6,,,,,,,,,,,,,,,,,,,,,,,,,40.5,,,,,,,,,,,,,,,,,,,,96.9,78.5,,,,,,,,,,,,,,,,,,,,,,,,,,,,,,,,,,,,,,,,,,,,,,,,,,,,
,BBL5,120,Bog,??,21AP,1889,,,,,,,,,,,,,,,,,,,,,,85.7,,,,,,,,,,,,,,,,,,,,,,53.3,,,,,,,,,,,,126.4,,,,,,,,82.0,,,,,,,,,,,,,,,,,,,,,,,,,,,,,,,,,,,,,,,,,,,,,,,,,,,,,
,BBL6,121,Ur,??,21AP,22584,116.3,,,,,,,,,,,,,,,,,,88.3,,,,,,,,,,,,,,,,,,,,,,,,,,,,,,,,,,,,240.3,,,,,231.0,91.3,,,,,,,,,,,,,,,,,,,,,,,,,,,,,,,,,,,,,,,,,,,,,,,,,,,,,,,,
,BBL7,122,Eridu,????,21AP,16194,,,,,,,,,,,,,,,,,,,,,,,,,,,,,,,,,,,,,,,,,33.4,,,,,,,,,,,,,,,,,105.9,,,,,,,55.0,,,,,,,,,,,,,,,,,,,,,,,,,,,,,,,,,,,,,,,,,,,,,,,,,,,,
,BBL8,123,Observatory,???,21AP,31146,,,,,,,,,,,,,,,,,,,,,,,,,,,,,52.2,,,,,,,,,,,,,,,,,,,,,,,,,,164.4,,,,,,,57.2,,,,,,,,,,,,,,,,,,,,,217.0,,,,,,,,,,,,,,,,,,,,,,,,,,,,,,,,,,
,BBL9,124,Field of Reeds,???,21AP,22327,,,,,,,,,,,,,,,,,,,,,,,,,,,,,,,,,,,,,,,,,,,,33.6,,,,,,,,,,,,,,,,,,,,46.8,,,,,,,,,,,,,,,,,,,,,,,,,,,,,,,,,,,,,,,,,,,,,,,,,,,,,
,BBL10,125,Kutha,??,21AP,13611,,,,,,,,,,,,,,,,,,,,52.2,,,,,,,,,,,,,,,,,,,,,,,,,,,,,,,,,,,,,,,,172.3,,,,,,,63.6,,,,,,,,,,,,,,,,,,,,,434.4,,,,,,,,,,,,,,,,,,,,,,,,,,,,,
,BBL11,126,Northern Wall,??,21AP,5788,,,,,,,,,,166.0,,,,,,,,,,,,,,,,,,,,,,,,,,,,,,,,,,50.9,,,,,,,,,,,,,,277.8,,,,,,67.2,,,,,,,,,,,,,,,,,,,,,,399.5,,,,,,,,,,,,,,,,,,,,,,,,,,,,,,,
,BBL12,127,Nippur,????,21AP,69855,,,173.1,,,,,,,,,,,,,,,,,,,,,,,,,,,,,,,,,,,,,,,,,70.0,,,,,,,666.1,,,,,,,,,,,,,84.6,,,,,,,,,,,,,,,,,,,,,,435.0,,,,,,,,,,,,,,,,,,,,,,,,,,,,,,,
,BBL13,128,Mt. Ebih,????,21AP,29368,,,,,,,,,,,180.0,,,,,,,,82.4,,,,,,,,,,,,,,,,,,,,,,,,,,,,,,,,,,,658.6,,,,,,,84.8,,,,,,,,,,,,,,,,,,,,,,,,,,,,400.8,,,,,,,,,,,,,,,,,,,,,,,,,,,,
,BBL14,129,Blood Fort,????,21AP,80896,,,,,,,,,,115.3,,,,,,,,,87.2,,,,,,,,,,,,,,,,,,,,,,,,,,,,,,,,,,,,,,,132.0,,,,,,,140.3,,,,,,,,,,,,,,,,,,,,,207.1,,,,,,,,,,,,,,,,,,,,,,,,,,,,,,,
SHINJUKU,SJK1,132,Yoyogi 2-Chome,??????,20AP,1109,,,,,,,,,,,,,,,,,,,,,,,,,,,,,,,,,,,,,,,,,,,,,49.3,,,,,,,,,,,,,,,,,,,,,68.2,,,,,,,,,,,,,,,,,,,,,,,,,,,,,,,,,,,,,,,,,,,,,,,,,,,
,SJK2,133,Route 20,??20?,20AP,43124,,,,,,,,,,,,,,,,,,,,,,,,,,,,,,,,,,,,,,,,,,65.9,,,50.1,,,,,,,,,,,187.5,,,,,,,126.9,,,,,,,,,,,,,,,,,,,,,,,,,,,,,,,,,,,,,,,,,,,,,,,,,,,,,,
,SJK3,134,Shinjuku Station,???,21AP,62899,,,,,,,,,,,,,,,,,,,,,,,,,,,,,,,,,,,,,,,,,,,,,32.1,,,,,,,,,,,83.4,,,,,,,103.1,,,,,,,,,,,,,,,,,,,,,,,,,,,,,,,,,,,,,,,,,,,,,,,,,,,,,,
,SJK4,135,Shinjuku 4-Chome,?????,21AP,50000,116.0,,,,,,,,,,,,,,,,,,,,,,,,,,,,,,,,,,,,,,,,,,,,51.7,,,,,,,,,411.9,,,,,,,,,,,,85.0,,,,,,,,,,,,,,,,,,,,,,,432.0,,,,,,,,,,,,,,,,,,,,,,,,,,,,
,SJK5,136,Kabukicho,????,21AP,8459,,,,,,,,,,,,,,,,,,,,,,,,67.3,,,,,,,,,,,,,,,,,,69.1,,,,,,,,,,,,,,,,,,58.1,,,,,,,,,,,,,,,,,,,,,,,,,,,,,,,,,,,,,,,,,,,,,,,,,,,,,,,,,
,SJK6,137,Barrel Tower,??????,21AP,14216,,,,,,,,,,,,,,,,,,,,,,,,45.5,,,,,,,,,,,,,,,,,,,,,,,,,,,,,,,,,,,,45.4,,,,,,,,,,,,,,,,,,,,,,,,,,,,,,,,,,,,,,,,,,,,,,,,,,,,,,,,,
,SJK7,138,Party Hall,???????,21AP,2804,,,,,,,,,,,,,,,,,,,,,,,,106.7,,,,,,,,,,,,,,,,,,74.3,,,72.6,,,,,,,,,,,193.8,,,,142.8,,,141.6,,,,,,,,,,,,,,,,,,,,,,,,,,,,,,,,,,,,,,,,,,,,,,,,,,,,,,
,SJK8,139,Tower - Top Floor,??????,21AP,13982,,,,180.2,,,,,,,,,,,,,,,,,,,,101.9,,,,,,,,,,,,,,,,,,,,,,,,497.8,,,,,,,,,,,,79.3,,,,,,,,,,,,,,,,,,,,,,,438.3,,,,,,,,,,,,,,,,,,,,,,,,,,,,,,,,,,
,SJK9,140,Shinjuku Gyoen,????,21AP,59275,,175.1,,,,,,,,,,,,,,,,,,,,,,,,,,,,,,,,,,,,,,,,,,,69.6,,,,,,,469.9,,,,,,,,,,,,,,54.2,,,,,,,,,,,,,,,,,,,,,441.8,,,,,,,,,,,,,,,,,,,,,,,,,,,,,,
,SJK10,141,Shinjuku 2-chome,?????,21AP,70270,,,,,,116.0,,,,,,,,,,,,,,,,,,,69.4,,,,,,,,,,,,,,,,,,,,,,,,,,,639.6,,,,255.2,,,107.0,,,,,,,248.8,,,,,,,,,,,,,,,,,,485.9,,,,,,,,,,,,,,,,,,,,,,,,,,,,,,,,,
AGARTHA,AGT1,142,Underground Plains,????,20AP,26340,97.5,,,,,,,,,,,,,,,,,,,,,,,,,,,,,,,,,,,,,,,,50.1,,,,,,,,,,,,,393.1,,,,,,,,,,,67.8,,,,,,,,,,,,,,,,,,,,,,,,426.4,,,,,,,,,,,,,,,,,,,,,,,,,,,,
,AGT2,143,Camping Ground,???,20AP,2303,,,,,91.9,,,,,,,,,,,,,,117.5,,,,134.3,,,,,,,,,,,,,,,,,,,,,,,,,,,,,,,,,,113.3,,,,,,,47.9,,,,,,,,,,,,,,,,,,,,,372.6,,,,,,,,,,,,,,,,,,,,,,,,,,,,,,,,
,AGT3,144,Riverside Town,????,20AP,20334,,,,,,,,,,,,,,,,,,,50.7,,,,97.5,,,,,,,,,,,,,,,,,,,,,,,,,591.3,,,,,,,134.1,,,,,,,51.0,,,,,,,,,,,,,,,,,,,,,,,,,,,,,,,,,,,,,,,,,,,,,,,,,,,,,,,
,AGT4,145,Peach Blossom Shangri-La,???,21AP,19323,,,,,,,,,,,,,,,,,,,,,52.0,,,,,,,,,,,,,,,,,,,,,,,,,,,,,,,,,548.6,,,,,,,227.6,,,,,,,67.8,,,,,,,,,,,,,,,,,,,,,,,,,,,,,,,,,,,,,,,,,,,,,,,,,
,AGT5,146,Ys,???,21AP,5732,,,,,,,,,,,,,,,,,,,,,,,,,,,,,,,,,,,,,,,56.6,,,67.3,,,,,,,,,,,,,,,,,,,,,,,55.0,,,,,,,,,,,,,,,,,,,,,,,,,,,,,,,,,,,,,,,,,,,,,,,,,,,,
,AGT6,147,Northern Cliffs,????,21AP,2240,,,,,,,102.0,,,,,,,,,,,,,,,,,,,,,,,,,,,,,,,,,,,,52.8,,,,,,,,,,,,,,,,,67.5,,,,,,,,,,,,,,,,,,,,,,,,,,,,,,,,,,,,,,,,,,,,,,,,,,,,,,,,,
,AGT7,148,Nightless City,???,21AP,9158,,,,,,,,,,,,,,,,,,,,,,,,,,,,,,,,,,,,,,,,,,70.1,53.7,,,,,,,,,,,,,,,,,59.7,,,,,,,,,,,,,,,,,,,,,,,,,,,,,,,,,,,,,,,,,,,,,,,,,,,,,,,,,
,AGT8,149,Foothills Jungle,?????,21AP,23100,,,,,,,,,,,,,,,,,,,137.1,,,,146.7,,,,,,,,,,,,,,,,,,42.5,,,,,,,,,,,,,,,213.3,,395.3,,,,,132.4,,83.8,,,,,,,,,,,,,,,,,,,,,,,,,,,,,,,,,,,,,,,,,,,,,,,,,,,,
,AGT9,150,Palace of Dragon King,???,21AP,4641,,,,,,,,,,,,170.1,,,,,,,,,,,,,,,,,,,,,,,,,,,73.6,,,,,,,,,,486.1,,,,,,,,,,,,,,,,73.6,,,,,,,,,,,,,,,,,,,427.5,,,,,,,,,,,,,,,,,,,,,,,,,,,,,,,,,
,AGT10,151,Great Underground River,????,21AP,54691,,,,,,,,,,,,,,,,,,,83.5,,,,69.5,,,,,,,,,,,,,,,,,,,,,,,,,,,660.9,,,,,,,144.1,,,,,,53.4,,,,,,,,,,,,,,,,,,,,,,,,,,,,,,,,,,,,,,,,,,,,,,,,,,,,,,
,AGT11,152,El Dorado,?????,21AP,3534,,,,,,,,,,,,,,,,,,,62.0,,,,,,,,,,,,,,,,,,,,,,,68.5,,,,,,,,,,,,,,,,,,,,39.7,,,,,,,,,,,,,,,,,,,,,,,,,,,,,,,,,,,,,,,,,,,,,,,,,,,,,,,
,AGT12,153,Chasm in the Earth,??????,21AP,1611,,,,,,,,,,,,,,,,,,,,,,52.7,,,,,,,,,,,,,,,,,,,,,,,,,,,,,,681.8,,,,,,,43.3,,,,,,,,,,,,,,,,,,,,,,,,,,,,540.2,,,,,,,,,,,,,,,,,,,,,,,,,,,,,,
SHIMOSA,SMS1,156,Rice Field,???,20AP,49597,,,,,,,,,,,,,,,,,,,50.3,77.9,,,,,,,,,,,,,,,,,,,,,,,,,,,,,,,,,,,,,,,,,,,,80.0,,,62.4,,,,,,,,,,,,,,,,,,,,,,,,,,,,,,,,,,,,,,,,,,,,,,,,,,
,SMS2,157,Village,?,21AP,26324,,,,,,,,,,,,,,,,,,,59.6,,,,,,,,,,,82.5,,,,,,,,,,,,69.2,,,,,,,,,,,,,119.4,,,,,,,,,87.7,,,,,,,,,,,,,,,,,,,158.6,,,,,,,,,,,,,,,,,,,,,,,,,,,,,,,,,,
,SMS3,158,Monastery,?,21AP,10300,,,,,,,,,,,,,,,,,,,,83.4,,,,,,,,,,83.4,,,,,,,,,,,,,,,,,,,,,,,,,100.9,,,,,,,,,,,,51.7,,,,,,,,,,,,,,,,93.6,,,,,,,,,,,,,,,,,,,,,,,,,,,,,,,,,,
,SMS4,159,Castle Town,???,21AP,10765,,,,,,,,,,,,,,,,,,,,,,,,,,,,,,51.9,,,,,,,,,,,,,,,,,,,,,,,,,52.6,,,,,,,,,,,,,,,,,,,,,,,,,,,,55.4,,,,,,,,,,,,,,,,,,,,,,,,,,,,,,,,,,
,SMS5,160,Battlefield,???,21AP,110438,,,,,,,,,,,,,,,,,,,,,,,,,,,,,,83.2,,,,,,,,,,52.6,,68.5,,,,,,,,,,,,,135.9,,,,,,,85.7,,,,,,,,,,,,,,,,,,,,,155.4,,,,,,,,,,,,,,,,,,,,,,,,,,,,,,,,,,
,SMS6,161,Toke Castle,???,21AP,2591,,,,,,,,,,,,221.2,,,,,,,,,,,,,,,,,,79.8,,,,,,,,,,,,72.6,,,,,,,,528.5,,,,,95.5,,,,,,,,,,,,,,,,,,,,,,,,,,,,92.6,,495.2,,,,,,,,,,,,,,,,,,,,,,,,,,,,,,,,
,SMS7,162,Rear Mountain (Nameless Sacred Mountain),??????????,21AP,15395,,,,,,,,,,,,,,,,,,,,,86.1,,,,,,,,,87.1,,,,,,,,,,,,70.3,,,,,,,,,,,,,86.3,,,,,,260.9,,,,,,,,,,,,,,,,,,,,,,89.1,,,,,,441.3,,,,,,,,,,,,,,,,,,,,,,,,,,,,
,SMS8,163,Arakawa Field,????,21AP,28975,,,,,,,,,,,170.5,,,,,,,,,,,,,,,,,,,105.4,,,,,,,,,,,,70.1,,,,,,,,,,,,674.1,84.1,,,,,,,,,,,,,,,,,,,,,,,,,,,,88.4,,,,,,384.1,,,,,,,,,,,,,,,,,,,,,,,,,,,,
,SMS9,164,Rear Mountain (Trembling in Fear),????????,21AP,25285,,,,,,,,,,,,,,173.5,,,,,,82.1,,,,,,,,,,,,,,,,,,,,,,,,,,,,,,,,,497.6,,,,,,,,,,,,,,53.4,,,,,,,,,,,,,,,,,,,,,397.7,,,,,,,,,,,,,,,,,,,,,,,,,,,,,
SALEM,SLM1,165,Quiet Forest,????,20AP,3543,,,,,,,,,,,,,,,,,,,41.5,,,,,,,,,,,,,,,,,,,,,,,,,,,,,,,,,,,,,,,,,,,,,,43.6,,,,,,,,,,,,,,,,,,,,,,,,,,,,,,,,,,,,,,,,,,,,,,,,,,,,
,SLM2,166,Carter Residence,?????,20AP,120434,,162.9,,,,,,,,,,,,,,,,,,,,,,,,,,,,,,,,,,,,,,,,,,,,50.0,,,,,,454.1,,,,,,,,80.2,,,,,,,,,,,,,,,,,,,,,,,,,,,399.2,83.1,,,,,,,,,,,,,,,,,,,,,,,,,,,,,
,SLM3,167,Town Hall,???,21AP,35726,,,,,,,,,,,,,,,,,,,,,,,59.5,,,,,,,,,,,,,,,,,,,,,,,,,,,,,,,,,,,,60.0,,,,,,,,,,,,,,,,,,,,,,,,,,,,59.7,,,,,,,,,,,,,,,,,,,,,,,,,,,,,,
,SLM4,168,Wharf,???,21AP,29538,,,,,,,,,,,,,,,,,,,,,,,104.3,,,,,,,,,,,,,,,,,,,,52.6,,,,,,,,,,,,,,,,103.4,,,,,,,,84.5,,,,,,,,,,,,,,,,,,,,111.7,,,,,,,,,,,,,,,,,,,,,,,,,,,,,,
,SLM5,169,Whateley Residence,???????,21AP,10612,,,,,,,,,,,,,,,,,,,,,,,,,,52.8,,,,,,,,,,,,,,,,,,,,,,,,,,,,,,,109.3,,,,,,,56.4,,,,,,,,,,,,,,,,,,,,,145.0,,,,,,,,,,,,,,,,,,,,,,,,,,,,,,,,
,SLM6,170,Isolated Mansion,?????,21AP,19538,,,,,,,,,,,,,,,,,,,,,,,,,,,,,,,,,,,,,,,,,,,51.5,,,51.6,,,,,,,,,,,,,,,,,,,,,83.6,93.2,,,,,,,,,,,,,,,,,,,,,,,,,,,,,,,,,,,,,,,,,,,,,,,,,
,SLM7,171,Gallows Hill,?????,21AP,29563,,,,,,,,,,,,,,,,,,,,,,,,,,,,,,,,,,,,,,,,,,,,,,31.2,,,,,,,,,,,,,,137.3,,,,,,,,59.6,,,,,,,,,,,,,,,,,,,,147.6,,,,,,,,,,,,,,,,,,,,,,,,,,,,,
,SLM8,172,Meadow,???,21AP,18155,,,,,,,,,,,,,,,,,,,59.8,,,,,,,,,,,,,,,,,,,,,,,,,,,52.4,,,,,,,,,,,,,,,,,,,84.8,,,90.0,,,,,,,,,,,,,,,,,,,,,,,,,,,,,,,,,,,,,,,,,,,,,,,,,
,SLM9,173,Empty House,???,21AP,15956,,,,,,,,,,,,,,,,,,,,,,,101.0,,,,,,,,,,,,,,,,,,,,,,,51.8,,,,,,,,,,,,,139.0,,,,,,,,,87.5,,,,,,,,,,,,,,,,,,,146.7,,,,,,,,,,,,,,,,,,,,,,,,,,,,,,
,SLM10,174,Hideout,???,21AP,10589,,,,,,,,,,,,,,,,,,,46.5,,,,140.2,,,,,,,,,,,,,,,,,,,,,,,,,,,,,,,,,,,,138.4,,,,,,85.0,,,,,,,,,,,,,,,,,,,,,,157.5,,,,,,,,,,,,,,,,,,,,,,,,,,,,,,
,SLM11,175,Jail,???,21AP,2710,,,,,,,,100.0,,,,,,,,,,,,,,,,,,,,,,,,,,,,,,,,,52.7,,,,,,,,,,,,,,,,,,275.4,,,51.2,,,,,,,,,,,,,,,,,,,,,,,,,590.0,,,,,,,,,,,,,,,,,,,,,,,,,,,,,,
ANASTASIA,ANA1,178,Anchor Point,????????,20AP,2652,,,,,98.0,,,,,,,,,,,,,,,,,,,,,,,,,,,,,,,,,,,,,,,48.5,,,,,,,,,,,,,274.4,,,,,,,54.4,,,,,,,,,,,,,,,,,,,,,348.6,,,,,,,,,,,,,,,,,,,,,,,,,,,,,,,,
,ANA2,179,Yaga Smolensk,?????????,20AP,38160,,,,,,,,,,,,,,,,,,,,,,,,,,,,,,,,,,,,,,,,,,,,,,,30.4,,,,,,,,,,,,,,,82.8,,,,,98.8,,,,,,,,,,,,,,,,,,,,,,,,,,,,,,,,,,,,,,,,,,,,,,,,,,
,ANA3,180,Icy Cavern,????,20AP,59379,,,,,,,,,,,,,,,,,,,,,,,,,,,,,79.4,,,,,,,,,,,,,,,49.5,,,,,,,,,,,,,,,,,,,,80.2,,,,99.5,,,,,,,,,,,,,,,,,,,,,,,,,,,,,,,,,,,,,,,,,,,,,,,,,
,ANA4,181,Rebel Stronghold,?????,21AP,3070,,,,,96.1,,,,,,,,,,,,,,,,,,,,,,,,,,,,,,,,,,,,,,,,,,50.7,,,,,,,,,,257.0,,,,,56.7,,,,,,,,,,,,,,,,,,,,,,,526.0,,,,,,,,,,,,,,,,,,,,,,,,,,,,,,,,
,ANA5,182,Yaga Sychyovka,??????????,21AP,15732,,,,,,,,,,,,,,,,,,,84.8,,,,,,,,,,,,,,,,,,,,,,,,,,,,50.7,,,,,,,,,,,,,,102.9,,83.8,,,,,,,,,,,,,,,,,,,,,,,,,,,,,,,,,,,,,,,,,,,,,,,,,,,,,,
,ANA6,183,Burned Village,???????,21AP,89379,,,,,,,,,,,,,,,,,,,,,,,,,,,,,84.3,,,,,,,,,,,,,,,,,,52.0,,,,,,,,,,,,,,,84.4,,,,,,104.6,,,,,,,,,,,,,,,,,,,,,,,,,,,,,,,,,,,,,,,,,,,,,,,,,
,ANA7,184,Yaga Vyazma,???????,21AP,52413,,,,,,,,,,,,,,,,,,,,,,,,,,,,,,,,,,,,,,,,,,,,51.9,,,52.6,,,,,,,,,,,,,,,,,110.3,,,88.3,,,,,,,,,,,,,,,,,,,,,,,,,,,,,,,,,,,,,,,,,,,,,,,,,,
,ANA8,185,Yaga Demensk,?????????,21AP,5518,,,,,99.9,,,,,,,,,,,,,,,,,,,,,,,,,,81.0,,,,,,,,,,,,,,,,,,,,,,,,,,255.8,,,52.5,,,,,,,,,,,,,,,,,,,,,,,,,662.2,,,,,,,,,,,,,,,,,,,,,,,,,,,,,,,,
,ANA9,186,Yaga Tula,???????,21AP,32304,,,,,,,,,,,,,,,,,,,,,,,,,,,,,,,103.7,,,,,,,,,,,71.0,,,,,69.6,,,,,,,,,,,,,84.2,,,139.4,,,,,,,,,,,,,,,,,,,,,,,,,,,,,,,,,,,,,,,,,,,,,,,,,,,,,,
,ANA10,187,Crushed Village,????,21AP,17891,,,,,,,,,,,,,,,,,,,,,,,,,,,,,85.6,,82.9,,,,,,,,,,,,,,,,,,,,,,,,,,,,,85.3,,,,,,,,103.8,,,,,,,,,,,,,,,,,,,,,,,,,,,,,,,,,,,,,,,,,,,,,,,,,
,ANA11,188,Yaga Moscow,???????,21AP,11192,,,,,,,,,,,,,,,,,,,,,,,,,,,,,,,46.2,,,,,,,,,,,,,,,,,,,,,,,,,,,,,45.7,,,,,,,,,,,,,,,,,,,,,,,,,,,,,,,,,,,,,,,,,,,,,,,,,,,,,,,,,
,ANA12,189,Strath Stronghold,?????,21AP,14193,,,,,,,,,,,,207.3,,,,,,,,,,,,,,,,,,,,,,,,,,,,,,71.1,,,,,73.7,,,,,,506.9,,,,,,,,,,,,,,71.4,,,,,,,,,,,,,,,,,,,,,422.6,,,,,,,,,,,,,,,,,,,,,,,,,,,,,
,ANA13,190,Base of the Great Tree,?????,21AP,13743,,,,,,,,,,,,,,,,,,,,,,,,,,,,,,,104.8,,,,,,,,,,,69.9,,71.4,,,,,,,,,,,,,,,,107.7,,,,99.7,,,,,,,,,,,,,,,,,,,,,,,,,,,,,,,,,,,,,,,,,,,,,,,,,,,,,
,ANA14,191,Yaga Ryazan,???????,21AP,23979,101.9,,,,,,,,,,,,,,,,,,,,,,,,,,,,,,84.0,,,,,,,,,,,,,,,,,,,,,,,661.3,,,,,,59.7,,,,,,,,,,,,,,,,,,,,,,,,,,,,,433.0,,,,,,,,,,,,,,,,,,,,,,,,,,,,
GÖTTERDÄMMERUNG,GTT1,192,Landing Point,??????????,20AP,7996,,,,,,,,,,164.9,,,,,,,,,77.3,,,,,,,,,,,,,,,,,,,,,,,65.0,,,,,,,,,,,,,,,,,,242.4,,,,,,,41.8,,,,,,,,,,,,,,,,,,,,,376.2,,,,,,,,,,,,,,,,,,,,,,,,,,,,,
,GTT2,193,Thin Ice Hill,????,20AP,4180,,,,,,,,,,,,,,,,,,,78.6,,,,,,,,,,,,,79.6,,,,,,,,,,,,,,,,,,,,,,,,,,,,,81.6,,,,,,64.4,,,,,,,,,,,,,,,,,,,,,,,,,,,,,,,,,,,,,,,,,,,,,,,,,,
,GTT3,194,Giant's Flower Garden,?????,20AP,13798,,,,,,,,,,,,,,,,,,,,,,,,,,,,,,,,49.1,,,,,,,,,,,,,,,,,,,,,,,,,,,,,45.5,,,,,,,,,,,,,,,,,,,,,,,,,,,,,,,,,,,,,,,,,,,,,,,,,,,,,,,,
,GTT4,195,Village 23,?23??,21AP,1100,,,,,,,,,,,,,,,,,,,83.4,,,,,,,,,,,,,,84.6,,,,,,,,,,,,,,,,,,,,,,,,,85.6,,,,,,,,,70.4,,,,,,,,,,,,,,,,,,,,,,,,,,,,,,,,,,,,,,,,,,,,,,,,,,
,GTT5,196,Hero's Lair,?????,21AP,8524,,,,,,,,,,,,,,,,,,,,,84.8,,,,,,,,,,,82.1,,,,,,,,,,,,,,,,,,,,,,427.7,,,,,,,67.3,,,,,,,,,,,,,,,,,,,,,,,,,,,,,,,,,,,,,,,,,,,,,,,,,,,,,,,,
,GTT6,197,Castle of Snow and Ice,?????,21AP,11330,,,,,,,,,,,,,,,,,,,,,,,,,,,,,,,,,53.7,,,,,,,,,,,,,,,,,,,,,,,,,45.5,,,,,,,,,,,,,,,,,,,,,,,,,,,,,,,,,,,,,,,,,,,,,,,,,,,,,,,,,,,
,GTT7,198,Road to the End,???????,21AP,16351,,,,,,,,,,118.7,,,,,,,,,,,,,,,,,,,,,,84.6,,,,,,,,,,,,,,,,,,,,,,,,,,,,250.0,52.0,,,,,,,,,,,,,,,,,,,,,,,,,,,435.1,,,,,,,,,,,,,,,,,,,,,,,,,,,,,
,GTT8,199,Flaming Mansion,???,21AP,16339,,,,,,,,,,,,,,,,,,,,,,,,,,,,,,,,81.2,84.7,,,,,,,,,,,,,,,,,,,,,,,,,84.9,,,105.7,,,,,,,,,,,,,,,,,,,,,,,,,,,,108.5,,,,,,,,,,,,,,,,,,,,,,,,,,,,
,GTT9,200,Village 67,?67??,21AP,1113,,,,,,,,,,117.5,,,,,,,,,,,,,,,,,,,,,,,82.3,,,,,,,,,,,,,,,,,,,,,,,,,63.5,,286.2,,,,,,,,,,,,,,,,,,,,,,,,,,,,319.6,,,,,,,,,,,,,,,,,,,,,,,,,,,,,
,GTT10,201,North Boundary,????,21AP,6255,,,,,,,,,,,,,,,,,,,,,,,,,,,,,,,,83.9,,,,,,,,,,69.2,,,,,,,,,,,,,,,,,,,51.3,,,,,,,,,,,,,,,,,,,,,,,,,,,,160.4,,,,,,,,,,,,,,,,,,,,,,,,,,,,
,GTT11,202,Forgotten Shrine,???????,21AP,4261,,,,184.9,,,,,,,,,,,,,,,,,,,,,,,,,,,,,87.3,,,,,,,,,,,,,,,529.9,,,,,,,,,,52.2,,,,,,,,,,,,,,,,,,,,,,,,,470.0,,,,,,,,,,,,,,,,,,,,,,,,,,,,,,,,,,
SIN,SIN1,205,Seeding Point,??????????,20AP,13260,,,,,,,,,,,,,,,,,,,,,,,,66.5,,,,,,,,,,,,,,,,,,,,50.8,,,,,,,,,,,,,,,,,,,,79.4,102.1,,,,,,,,,,,,,,,,,,,,,,,,,,,,,,,,,,,,,,,,,,,,,,,,,,,,
,SIN2,206,Neighboring Village,??,20AP,8011,,,,,,,,,,,,,,,,,,,,,,,,,,,,,,,,77.8,,,,,,,,,,,,49.3,,,,,,,,,,,,,,,,,143.8,,,78.2,,,,,,,,,,,,,,,,,,,,,,,,,,,,,,,,,,,,,,,,,,,,,,,,,,,,,
,SIN3,207,Icy Cave,???,20AP,1872,,,,,,,,,,,,197.1,,,,,,,60.7,,,,,,,,,,,,,,,,,,,,,,,,,,,,,,,,,,558.8,,,,,,,,,,,,,,53.7,,,,,,,,,,,,,,,,,,,,,321.4,,,,,,,,,,,,,,,,,,,,,,,,,,,,,
,SIN4,208,Akuta's Camp,????,21AP,2492,,,,,,,,,,,,,,,,,,,,,,,,102.2,,,,,,,,112.5,,,,,,,,,,71.5,,,,,,,,,,,,,,,,,,,135.0,,,,82.8,,,,,,,,,,,,,,,,,,,,,,,,,,,,,,,,,,,,,,,,,,,,,,,,,,,,
,SIN5,209,Jingyang Field,???,21AP,5852,,,,,,,,,,,,,134.2,,,,,,,,,,,,,,,,,,,101.6,,,,,,,,,,65.4,,,,,,,,,,,,,,207.8,,,,,107.2,,,,,,,,,,,,,,,,,,,,,,,,,,,,,,,,,,,,,,,,,,,,,,,,,,,,,,,,
,SIN6,210,Shanyang Hill,???,21AP,5463,,,,,,,,,,,,,138.4,,,,,,,,,,,,,,,,,,,,,,,,,,,,,71.9,,69.7,,,,,,,,,,,,172.4,,,,,,,,82.2,,,,,,,,,,,,,,,,,,,,,,,,,,,,,,,,,,,,,,,,,,,,,,,,,,,,,
,SIN7,211,Prison Camp,???,21AP,64594,,,,,,,,,,,,,103.7,,,,,,,,,,,,,,,,,,,,,83.1,,,,,,,,,,,,,,,,,,,,,,141.0,,,,103.8,,,,,,,,,,,,,,,,,,,,,,,,,,,,,,,,,,,,,,,,,,,,,,,,,,,,,,,,,
,SIN8,212,Shiquan Canyon,???,21AP,12318,,,,,,,,,,,,,105.0,,,,,,,,,,,69.7,,,,,,,,,,,,,,,,,,,,,,,,,,,,,,,,107.8,,,,,,,,,82.0,,,,,,,,,,,,,,,,,,,,,,,,,,,,,,,,,,,,,,,,,,,,,,,,,,,,
,SIN9,213,Daping Yu,???,21AP,10400,,,,,,,,,,,,,,,,,,,,,,,,72.8,,,,,,,,,,82.8,,,,,,,,,,,,,,,,,,,,,,,,,,103.4,,,,,82.2,,,,,,,,,,,,,,,,,,,,,,,,,,,,,,,,,,,,,,,,,,,,,,,,,,,,
,SIN10,214,Xianyang,??,21AP,10327,,,,,,,,,,,,,131.8,,,,,,,,,,,,,,,,,,,,,105.5,,,,,,,,70.8,,,,,,,,,,,,,,137.7,,,,87.8,,,,,,,,,,,,,,,,,,,,,,,,,,,,,,,,,,,,,,,,,,,,,,,,,,,,,,,,,
,SIN11,215,Ba Men Cave,???,21AP,29077,,,,,,,,,,,,,,,,,,,,,,,,,,,,,,,,,,53.4,,,,,,,,,,,,,,,,,,,,,,,,,,46.6,,,,,,,,,,,,,,,,,,,,,,,,,,,,,,,,,,,,,,,,,,,,,,,,,,,,,,,,,
YUGA KSTRA,YKS1,216,Initiate Point,??????????,20AP,4522,,,,,95.3,,,,,,,,,,,,,,,,,,,,,,,,,,,,,,72.2,,,,,,,,,,,,,,,,,,,,,,123.8,,,,,,,,,,,79.3,,,,,,,,,,,,,,,,,,,,,,,,,,,,,,,,,,,,,,,,,,,,,,,,,
,YKS2,217,Bich,????,20AP,7416,,,,,,,,,,,,,,,,,,,,,,,131.0,,,,,,,,,,,,100.8,,,,,,,65.8,,,,,,,,,,,,,,,,,192.1,,,,,,,,,66.7,,,,,,,,,,,,,,,,,,,221.6,,,,,,,,,,,,,,,,,,,,,,,,,,,,,,
,YKS3,218,Secluded Grotto,???,21AP,4926,,,,,,,104.2,,,,,,,,,,,,,,,,,,,,,,,,,,,,83.4,,,,,,,,,,,,,,,,,,,,,,,,,133.2,,,,,,,,84.7,,,,,,,,,,,,,,,,,,,,,,,,,,,,,,,,,,,,,,,,,,,,,,,,,
,YKS4,219,Northern Sacred Mountain,????,21AP,11672,,,,,,,,,,,,,,,213.5,,,,,,,,,,,,,,,,,,,,,,,,,,,70.0,72.8,,,,,,,506.1,,,,,,,,,,,,,,,,,,84.2,,,,,,,,,,,,,,,,,444.7,,,,,,,,,,,,,,,,,,,,,,,,,,,,,,,,
,YKS5,220,Western Fault,????,21AP,12456,108.2,,,,,,,,,,,,,,,,,,,,,,,,,,,,,,,,,,83.5,,,,,,,,,,,,,,,,,,,,,,,88.2,,,,,,,,,,84.3,,,,,,,,,,,,,,,,,,156.4,,,,,,,,,,,,,,,,,,,,,,,,,,,,,,,
,YKS6,221,Deewar,???????,21AP,91778,,,,,,,,,,,,,,,170.4,,,,,,,,,,,,,,,,,,,,82.7,,,,,,,,,,,,,,,506.6,,,,,,,,,,,,,,,,,,69.7,,,,,,,,,,,,,,,,,461.4,,,,,,,,,,,,,,,,,,,,,,,,,,,,,,,,
,YKS7,222,Divine Sky Rock Ruins,?????,21AP,6686,,,,,,,,,,,,,,,,,,,,,,,,,,,,,,,,,,,52.5,,,,,,,,,,,,,,,,,,,,,,,,,,365.5,,,,,,,55.1,,,,,,,,,,,,,,,,,,,,,,,,,,,,,,,,,,,,,,,,,,,,,,,,,
,YKS8,223,Southern Town,???,21AP,10032,,,,,,,,,,,,,,,,,,,,,,,,,,,,,,,,,,,113.8,,,,,,,72.5,84.5,,,,,,,,,,,,,,,,,,189.5,,,,,,,67.5,,,,,,,,,,,,,,,,,,,,,,,,,,,,,,,,,,,,,,,,,,,,,,,,,
,YKS9,224,Eternal Grounds,????,21AP,22314,,,,,,,,,,,,,,,202.8,,,,,,,,136.8,,,,,,,,,,,,,,,,,,,70.4,,,,,,,,492.1,,,,,,,,,141.8,,,,,,,,,,,,,,,,,,,,,,,,,,462.7,,163.9,,,,,,,,,,,,,,,,,,,,,,,,,,,,,,
,YKS10,225,Eastern Flower Garden,????,21AP,6018,,,,,,,,110.9,,,,,,,,,,,,,,,106.7,,,,,,,,,,,,,,,,,,,,,,,,,,,,,,,,,,,,51.7,,,,,,,,,,,,,,,,,,,,,,,,,,,,63.8,,,,,,,,,,,,,,,,,,,,,,,,,,,,,,
ATLANTIS,ATL1,228,Sailing Point,?????????,21AP,53983,,,,,,,,,,,,,,,,178.3,,,,,,,,,,,,,82.5,,,,,,,,,,,,,,,,,,,,,,521.9,,,,,,,,,,,58.4,,,,,,,,,,,,,,,,,,,,,,,,445.7,,,,,,,,,,,,,,,,,,,,,,,,,,,,,,,
,ATL2,229,Hestia Island,??????,21AP,3235,,,,,,,,,,,,178.3,,,,,,,,,,,,,,,,,,,,,,,,83.9,,,,,,,,,,,,,534.6,,,,,,,,,,,104.6,104.2,,,,,,,,,,,,,,,,,,,,,,,423.5,,,,,,,,,,,,,,,,,,,,,,,,,,,,,,,,,
,ATL3,230,Hecate Island,????,21AP,5012,107.4,,,,,,,,,,,,,,,,,,,,,,,,,,,,,,,,,,,83.9,,,,,,,,,,,,,,,,,,,,,,,,,43.4,,,,,,,,,,,,,,,,,,,,,,,,,,,,519.2,,,,,,,,,,,,,,,,,,,,,,,,,,,,
,ATL4,231,Deimos Island,?????,21AP,6220,,,,,,,,,175.3,,,,,,,,,,,,,,,,,,,,,,,,,,,79.6,,,,,,,,,,,,,,,,365.4,,,60.7,,,,,,,,,,,,,,,,,,,,,,,,,,,,,,,,247.0,,,,,,,,,,,,,,,,,,,,,,,,,,,,,,
,ATL5,232,Astraea Island,???????,21AP,34644,,,,207.6,,,,,,,,,,,,,,,,,,,,,,,,,,,,,,,,105.2,,,,,,69.6,,,,,,645.8,,,,,,,69.2,,,,,,,,,,,,,,,,,,,,,,,,,,,,428.6,,,,,,,,,,,,,,,,,,,,,,,,,,,,,,,,,,
,ATL6,233,Thetis Island,?????,21AP,1367,,,,,,,,,,,,,118.6,,,,,,,,,87.5,,,,,,,,,,,,,,,,,,,,,,,,,,,,,,,,,,,176.1,,46.0,,,,,,,,,,,,,,,,,,,,,,,,,,422.5,,,,,,,,,,,,,,,,,,,,,,,,,,,,,,,,
,ATL7,234,Eris Island,????,21AP,4175,,,,,,,,,,,,,136.1,,,,,,,,,,,,,,,,,,,,,,,105.3,,,,,,69.2,,,,,,,,,,,,,,,254.8,,,,75.4,,,,,,,,,,,,,,,,,,,,,,,,478.1,,,,,,,,,,,,,,,,,,,,,,,,,,,,,,,,
,ATL8,235,Nemesis Island,?????,21AP,93630,,,,,,,,,,,,,,,,174.3,,,,,,,,,,,,,,,,,,,,82.5,,,,,,,,,,,,,,,527.0,,,,,,,,,,60.1,,,,,,,,,,,,,,,,,,,,,,,,,481.7,,,,,,,,,,,,,,,,,,,,,,,,,,,,,,,
,ATL9,236,Thanatos Island,?????,21AP,3912,,,,,,,,,,,,,,,,,,,,,,,,,,,,,,,,,,,,53.9,,,,,,,,,,,,,,,,,,,153.2,,,,,149.9,139.9,,,,,,,,,,,,,,,,,,,,,,,,,,,,,,,,,,,,,,,,,,,,,,,,,,,,,,,,
Olympus,OLP1,237,Gliding Point,???????????,21AP,8211,102.3,,,,,,,,,,,,,,,,,,,,,81.3,,,,,,,,,,,,,,,,,,,,,,,,,,,,,,,,,,,,,38.2,,294.2,,,,,,,,,,,,,,,,,,,,,,,,,,,,490.1,,,,,,,,,,,,,,,,,,,,,,,,,,,,
,OLP2,238,Interstellar City: West,??????,21AP,12319,,,,,,,,,,,,,104.7,,,,105.4,,,,,,,,,,,,,,,,,,,,,,,,,,,,,,,,,,,,,,,,65.7,,,,,,,,,,,,,,,,,,,,,,,,,,,,116.1,,,,,,,,,,,,,,,,,,,,,,,,,,,,,,,,
,OLP3,239,Interstellar City: South,??????,21AP,65354,,,,,,,,,,,,,,,,,104.6,,,,,,,,,,,,,,,,,,,,83.1,,,,,,,,,,,,,,,,,,,,135.5,,,62.8,,,,,,,,,,,,,,,,,,,,,,,,,254.0,,,,,,,,,,,,,,,,,,,,,,,,,,,,,,,,
,OLP4,240,Interstellar City: East,??????,21AP,3293,,,,,,,,,,,,,,,,,107.4,,,,84.1,,,,,,,,,,,,,,,,,,,,,,,,,,,,,,,,,398.9,,,153.7,,,,,,,,,,,102.3,,,,,,,,,,,,,,,,,368.1,,,,,,,,,,,,,,,,,,,,,,,,,,,,,,,,
,OLP5,241,Grand Workshop,???,21AP,4719,,,,,,,,,,,,209.1,,,,,,,,,,,,,,,,,,,,,,,,,112.0,,,,,70.2,,,,,,,510.2,,,,,,,,,,,67.5,,,,,,,,,,,,,,,,,,,,,,,,438.7,,,,,,,,,,,,,,,,,,,,,,,,,,,,,,,,,
,OLP6,242,God Slayers League Base,??????,21AP,3244,,,,,,,,,,,,,105.5,,,,,,,,,,,,,,,,,,,,,,,,85.8,,,,,,,,,,,,,,,,,,,,285.5,,,60.2,,,,,,,,,,,,,,,,,,,,,,,,,582.5,,,,,,,,,,,,,,,,,,,,,,,,,,,,,,,,
,OLP7,243,Altar District,???,21AP,3474,,,,,,,,,,,,,,,,,129.8,,,,,84.2,,,,,,,,,,,,,,,,,,,,,,,,,,,,,,,,,,,191.5,,44.3,,,,,,,,,,,,,,,,,,,,,,,,,,196.7,,,,,,,,,,,,,,,,,,,,,,,,,,,,,,,,
,OLP8,244,Aerial Garden,????,21AP,39476,,,,,,,,,,,,,,,,173.8,,,,,,,,,,,,,,,,,,,,,83.3,,,,,,,,,,,,,,511.1,,,,,,,,,62.1,,,,,,,,,,,,,,,,,,,,,,,,,,534.3,,,,,,,,,,,,,,,,,,,,,,,,,,,,,,,
,OLP9,245,Machine God's Cloister,????,21AP,3310,,,,,,,,,,,,,,,,167.9,,,,,,80.7,,,,,,,,,,,,,,,,,,,,,,,,,,,,,471.7,,,,,,,,37.9,,,,,,,,,,,,,,,,,,,,,,,,,,,600.8,,,,,,,,,,,,,,,,,,,,,,,,,,,,,,,
,OLP10,246,Grand Altar,???,21AP,1624,,,,,,,,,,,,,,,,,,,,,,99.7,,,,,,,,,,,,,,,110.4,,,,,66.0,,,,,,,,,,,,,,,,,131.2,69.7,,,,,,,,,,,,,,,,,,,,,,,,,,,,,,,,,,,,,,,,,,,,,,,,,,,,,,,,,
,OLP11,247,Underground Belt Mechanism - Outer Region,?????????,21AP,8377,,,,,,,,,,,,,,,,,,,,,,,,,,,,,,,,,,,,,53.3,,,,,,,,,,,,,,,,,,,,,,,48.8,,,,,,,,,,,,,,,,,,,,,,,,,,,,,,,,,,,,,,,,,,,,,,,,,,,,,,,,,
Heian-Kyo,HEA1,250,"J? Seven, B? Four",????,21AP,1250,,,,,,,,,,,,,,161.0,,,,,,,,,,,,,,,,,,,,,,,,91.5,,,,,,,,,,,,,,,690.8,,,,70.0,,,,,,,,,,,,,,,,,,,,,,,,,,,,,,,472.5,,,,,,,,,,,,,,,,,,,,,,,,,,,,,
,HEA2,251,"J? Seven, B? Two",????,21AP,1000,,,,,,,151.1,,,,,,,,,,,,,,,,,,,,,,,,,,,,,,,102.9,,,,73.7,,,,,,,,,,,,,,,82.7,,,236.3,,,,,,,,,,,,,,,,,,,,,,,,,,,,,,,,,,,,,,,,,,,,,,,,,,,,,,,,,
,HEA3,252,"J? Six, Main Street",????,21AP,1792,,,,,,,,,,,,,,,,,,,,,,,,,,,,,,76.0,,,,,,,,82.2,,,,,,,,,,,,,,,,,91.6,,113.7,,,,,,,,,,,,,,,,,,,,,,,,,,102.4,,,,,,,,,,,,,,,,,,,,,,,,,,,,,,,,,,
,HEA4,253,Aristocrat's Residence,???,21AP,1400,,,,,,,,,,,,,,169.0,,,,,,,,,,,86.0,,,,,,,,,,,,,,,,,,,,,,,,,,,,515.1,,,,,,48.8,,,,,,,,,,,,,,,,,,,,,,,,,,,,,341.9,,,,,,,,,,,,,,,,,,,,,,,,,,,,,
,HEA5,254,Suzakumon,???,21AP,11136,,,,,,,,,,,,,,,,,,171.1,,,,,,,,,,,,82.0,,,,,,,,,,,,,,,,,,,,,,,,510.0,58.6,,,,,,,,,,,,,,,,,,,,,,,,,,,,89.1,,,,,,397.4,,,,,,,,,,,,,,,,,,,,,,,,,,,,
,HEA6,255,Heian Imperial Palace,???,21AP,4753,,,,,,,,,,,,,,186.6,,,,,,,,,,,,,,,,85.9,,,,,,,,,,,,,,,,,,,,,,,603.1,,53.7,,,,,,,,,,,,,,,,,,,,,,,,,,,,118.3,,,,,616.1,,,,,,,,,,,,,,,,,,,,,,,,,,,,,
,HEA7,256,Suzaku Main Street,????,21AP,1655,,,,,,,,,,,,,,,,,,,,80.0,,,,,,,,,,,,,,,,,,81.6,,,,,,,,,,,,,,,,,,,112.5,,,,,,,,,,51.9,,,,,,,,,,,,,,,,,,,,,,,,,,,,,,,,,,,,,,,,,,,,,,,,,,
,HEA8,257,Inari Shrine,????,21AP,1003,,,,,,,,,,,,,,,164.6,,,,,,,,,89.6,,,,,,,,,,,,,,,,,,,,,,,,,,752.3,,,,,114.5,,,,,,,89.3,,,,,,,,,,,,,,,,,,,,,,,287.3,,,,,,,,,,,,,,,,,,,,,,,,,,,,,,,,
,HEA9,258,Imperial Palace Main Street,????,21AP,7620,,,,,,,,,,,,,,,,,,195.6,,,,,,,,,,,,,,,,,,,,,,68.6,,69.6,,,,,,,,,,,,527.9,,,,,,,,,,,,,,139.0,,,,,,,,,,,,,,,,,,,,,396.8,,,,,,,,,,,,,,,,,,,,,,,,,,,,
,HEA10,259,Raikou's Residence,?????,21AP,1605,,,,,,,,,,,,,,166.9,,,,,,,,,,,,,,,,,,,,,,,,,,,51.9,,,,,,,,,,,,548.6,,,,,,,,,,,,,,55.4,,,,,,,,,,,,,,,,,,,,,450.5,,,,,,,,,,,,,,,,,,,,,,,,,,,,,
,HEA11,260,Goj? Bridge,????,21AP,1522,,,,,,,,,,,,,,,,,,,,,,,,,,,,,,,,,,,,,,52.2,,,,,,,,,,,,,,,,,,,46.4,,,,,,,,,,,,,,,,,,,,,,,,,,,,,,,,,,,,,,,,,,,,,,,,,,,,,,,,,,,,
,HEA12,261,Mount ?e,???,21AP,4207,,,,,,,,,,,,,,,,,,185.1,,,,,,,,,,,,,,,,,,,,,,51.7,,,,,,,,,,,,,,488.0,,,,,,,,,,,,,,68.9,,,,,,,,,,,,,,,,,,,,,711.4,,,,,,,,,,,,,,,,,,,,,,,,,,,,
,HEA13,262,"J? Three, B? Three",????,21AP,116296,,,,,,,,,,,,,,,,,,172.5,,,,,,,,,,,,,,,,,,,,83.0,,,,,,,,,,,,,,,,500.1,,,69.3,,,,,,,,,,,,,,,,,,,,,,,,,,,,,,,,257.7,,,,,,,,,,,,,,,,,,,,,,,,,,,,
,,,,,,,,,,,,,,,,,,,,,,,,,,,,,,,,,,,,,,,,,,,,,,,,,,,,,,,,,,,,,,,,,,,,,,,,,,,,,,,,,,,,,,,,,,,,,,,,,,,,,,,,,,,,,,,,,,,,,,,,,,,
,,,,,,,,,,,,,,,,,,,,,,,,,,,,,,,,,,,,,,,,,,,,,,,,,,,,,,,,,,,,,,,,,,,,,,,,,,,,,,,,,,,,,,,,,,,,,,,,,,,,,,,,,,,,,,,,,,,,,,,,,,,
,,,,,,,,,,,,,,,,,,,,,,,,,,,,,,,,,,,,,,,,,,,,,,,,,,,,,,,,,,,,,,,,,,,,,,,,,,,,,,,,,,,,,,,,,,,,,,,,,,,,,,,,,,,,,,,,,,,,,,,,,,,
,,,,,,,,,,,,,,,,,,,,,,,,,,,,,,,,,,,,,,,,,,,,,,,,,,,,,,,,,,,,,,,,,,,,,,,,,,,,,,,,,,,,,,,,,,,,,,,,,,,,,,,,,,,,,,,,,,,,,,,,,,,
,,,,,,,,,,,,,,,,,,,,,,,,,,,,,,,,,,,,,,,,,,,,,,,,,,,,,,,,,,,,,,,,,,,,,,,,,,,,,,,,,,,,,,,,,,,,,,,,,,,,,,,,,,,,,,,,,,,,,,,,,,,
,,,,,,,,,,,,,,,,,,,,,,,,,,,,,,,,,,,,,,,,,,,,,,,,,,,,,,,,,,,,,,,,,,,,,,,,,,,,,,,,,,,,,,,,,,,,,,,,,,,,,,,,,,,,,,,,,,,,,,,,,,,
,,,,,,,,,,,,,,,,,,,,,,,,,,,,,,,,,,,,,,,,,,,,,,,,,,,,,,,,,,,,,,,,,,,,,,,,,,,,,,,,,,,,,,,,,,,,,,,,,,,,,,,,,,,,,,,,,,,,,,,,,,,
,,,,,,,,,,,,,,,,,,,,,,,,,,,,,,,,,,,,,,,,,,,,,,,,,,,,,,,,,,,,,,,,,,,,,,,,,,,,,,,,,,,,,,,,,,,,,,,,,,,,,,,,,,,,,,,,,,,,,,,,,,,
,,,,,,,,,,,,,,,,,,,,,,,,,,,,,,,,,,,,,,,,,,,,,,,,,,,,,,,,,,,,,,,,,,,,,,,,,,,,,,,,,,,,,,,,,,,,,,,,,,,,,,,,,,,,,,,,,,,,,,,,,,,
,,,,,,,,,,,,,,,,,,,,,,,,,,,,,,,,,,,,,,,,,,,,,,,,,,,,,,,,,,,,,,,,,,,,,,,,,,,,,,,,,,,,,,,,,,,,,,,,,,,,,,,,,,,,,,,,,,,,,,,,,,,
,,,,,,,,,,,,,,,,,,,,,,,,,,,,,,,,,,,,,,,,,,,,,,,,,,,,,,,,,,,,,,,,,,,,,,,,,,,,,,,,,,,,,,,,,,,,,,,,,,,,,,,,,,,,,,,,,,,,,,,,,,,
,,,,,,,,,,,,,,,,,,,,,,,,,,,,,,,,,,,,,,,,,,,,,,,,,,,,,,,,,,,,,,,,,,,,,,,,,,,,,,,,,,,,,,,,,,,,,,,,,,,,,,,,,,,,,,,,,,,,,,,,,,,
,,,,,,,,,,,,,,,,,,,,,,,,,,,,,,,,,,,,,,,,,,,,,,,,,,,,,,,,,,,,,,,,,,,,,,,,,,,,,,,,,,,,,,,,,,,,,,,,,,,,,,,,,,,,,,,,,,,,,,,,,,,
,,,,,,,,,,,,,,,,,,,,,,,,,,,,,,,,,,,,,,,,,,,,,,,,,,,,,,,,,,,,,,,,,,,,,,,,,,,,,,,,,,,,,,,,,,,,,,,,,,,,,,,,,,,,,,,,,,,,,,,,,,,
,,,,,,,,,,,,,,,,,,,,,,,,,,,,,,,,,,,,,,,,,,,,,,,,,,,,,,,,,,,,,,,,,,,,,,,,,,,,,,,,,,,,,,,,,,,,,,,,,,,,,,,,,,,,,,,,,,,,,,,,,,,
,,,,,,,,,,,,,,,,,,,,,,,,,,,,,,,,,,,,,,,,,,,,,,,,,,,,,,,,,,,,,,,,,,,,,,,,,,,,,,,,,,,,,,,,,,,,,,,,,,,,,,,,,,,,,,,,,,,,,,,,,,,
,,,,,,,,,,,,,,,,,,,,,,,,,,,,,,,,,,,,,,,,,,,,,,,,,,,,,,,,,,,,,,,,,,,,,,,,,,,,,,,,,,,,,,,,,,,,,,,,,,,,,,,,,,,,,,,,,,,,,,,,,,,
,,,,,,,,,,,,,,,,,,,,,,,,,,,,,,,,,,,,,,,,,,,,,,,,,,,,,,,,,,,,,,,,,,,,,,,,,,,,,,,,,,,,,,,,,,,,,,,,,,,,,,,,,,,,,,,,,,,,,,,,,,,
,,,,,,,,,,,,,,,,,,,,,,,,,,,,,,,,,,,,,,,,,,,,,,,,,,,,,,,,,,,,,,,,,,,,,,,,,,,,,,,,,,,,,,,,,,,,,,,,,,,,,,,,,,,,,,,,,,,,,,,,,,,
,,,,,,,,,,,,,,,,,,,,,,,,,,,,,,,,,,,,,,,,,,,,,,,,,,,,,,,,,,,,,,,,,,,,,,,,,,,,,,,,,,,,,,,,,,,,,,,,,,,,,,,,,,,,,,,,,,,,,,,,,,,
,,,,,,,,,,,,,,,,,,,,,,,,,,,,,,,,,,,,,,,,,,,,,,,,,,,,,,,,,,,,,,,,,,,,,,,,,,,,,,,,,,,,,,,,,,,,,,,,,,,,,,,,,,,,,,,,,,,,,,,,,,,
